index;address;type;start;end;latitude;longitude
0;Химки г, 8 Марта ул, 1;жилое;8/17/2021;8/29/2021;55.903792;37.456837
1;Химки г, 8 Марта ул, 2;жилое;8/17/2021;8/29/2021;55.904069;37.458014
2;Химки г, 8 Марта ул, 2 А;жилое;8/17/2021;8/29/2021;55.904634;37.458912
3;Химки г, 8 Марта ул, 3;жилое;8/17/2021;8/29/2021;55.903701;37.455615
4;Химки г, 8 Марта ул, 4;жилое;8/17/2021;8/29/2021;55.90419;37.457043
5;Химки г, 8 Марта ул, 6;жилое;8/17/2021;8/29/2021;55.904629;37.455876
6;Химки г, 8 Марта ул, 7;жилое;8/17/2021;8/29/2021;55.905043;37.453378
7;Химки г, 8 Марта ул, 8;жилое;8/17/2021;8/29/2021;55.905316;37.454304
8;Химки г, 8 Марта ул, 9;жилое;8/17/2021;8/29/2021;55.90474;37.452543
9;Химки г, 9 Мая ул, 1;жилое;6/15/2021;6/29/2021;55.889341;37.428881
10;Химки г, 9 Мая ул, 10;жилое;7/15/2021;7/29/2021;55.901707;37.413924
11;Химки г, 9 Мая ул, 10 Б;жилое;7/15/2021;7/29/2021;55.902293;37.414814
12;Химки г, 9 Мая ул, 10 В;жилое;7/15/2021;7/29/2021;55.902616;37.414409
13;Химки г, 9 Мая ул, 12;жилое;7/15/2021;7/29/2021;55.902888;37.412577
14;Химки г, 9 Мая ул, 12 А;жилое;7/15/2021;7/29/2021;55.903766;37.412442
15;Химки г, 9 Мая ул, 12 Б;жилое;7/15/2021;7/29/2021;55.903393;37.413125
16;Химки г, 9 Мая ул, 12 Д;жилое;7/15/2021;7/29/2021;55.903131;37.413682
17;Химки г, 9 Мая ул, 13;жилое;7/15/2021;7/29/2021;55.902384;37.411804
18;Химки г, 9 Мая ул, 14;жилое;7/15/2021;7/29/2021;55.902;37.410448
19;Химки г, 9 Мая ул, 16;жилое;7/15/2021;7/29/2021;55.90306;37.409639
20;Химки г, 9 Мая ул, 17;жилое;7/15/2021;7/29/2021;55.903862;37.40999
21;Химки г, 9 Мая ул, 18 А;жилое;7/15/2021;7/29/2021;55.90475;37.410744
22;Химки г, 9 Мая ул, 18 Б;жилое;7/15/2021;7/29/2021;55.903731;37.411607
23;Химки г, 9 Мая ул, 2;жилое;6/15/2021;6/29/2021;55.889815;37.428046
24;Химки г, 9 Мая ул, 21 1;жилое;7/15/2021;7/29/2021;55.908883;37.405974
25;Химки г, 9 Мая ул, 21 2;жилое;7/15/2021;7/29/2021;55.909257;37.405453
26;Химки г, 9 Мая ул, 21 3;жилое;7/15/2021;7/29/2021;55.909877;37.405462
27;Химки г, 9 Мая ул, 3;жилое;6/15/2021;6/29/2021;55.890977;37.427121
28;Химки г, 9 Мая ул, 4 А 1;жилое;6/1/2021;6/15/2021;55.896776;37.420805
29;Химки г, 9 Мая ул, 4 А 2;жилое;6/1/2021;6/15/2021;55.896135;37.421865
30;Химки г, 9 Мая ул, 4 А 3;жилое;6/1/2021;6/15/2021;55.895439;37.421713
31;Химки г, 9 Мая ул, 4 А 4;жилое;6/1/2021;6/15/2021;55.895681;37.423132
32;Химки г, 9 Мая ул, 4/1;жилое;6/1/2021;6/15/2021;55.891895;37.426878
33;Химки г, 9 Мая ул, 6;жилое;6/1/2021;6/15/2021;55.898805;37.417553
34;Химки г, 9 Мая ул, 7;жилое;6/1/2021;6/15/2021;55.899709;37.4167
35;Химки г, 9 Мая ул, 8;жилое;7/15/2021;7/29/2021;55.90086;37.414975
36;Химки г, 9 Мая ул, 8 А;жилое;7/15/2021;7/29/2021;55.901571;37.415496
37;Химки г, 9 Мая ул, 9;жилое;7/15/2021;7/29/2021;55.901445;37.414787
38;Химки г, Академика Глушко ул, 2;жилое;8/17/2021;8/29/2021;55.903035;37.451483
39;Химки г, Академика Грушина ул, 10;жилое;8/17/2021;8/29/2021;55.908797;37.456046
40;Химки г, Академика Грушина ул, 14;жилое;8/17/2021;8/29/2021;55.907844;37.45407
41;Химки г, Академика Грушина ул, 16/2;жилое;8/17/2021;8/29/2021;55.908389;37.454178
42;Химки г, Академика Грушина ул, 2/10;жилое;8/17/2021;8/29/2021;55.906274;37.453495
43;Химки г, Академика Грушина ул, 28/1;жилое;8/17/2021;8/29/2021;55.911855;37.455085
44;Химки г, Академика Грушина ул, 30;жилое;8/17/2021;8/29/2021;55.912536;37.455687
45;Химки г, Академика Грушина ул, 4;жилое;8/17/2021;8/29/2021;55.907198;37.454304
46;Химки г, Академика Грушина ул, 8;жилое;8/17/2021;8/29/2021;55.90961;37.454977
47;Химки г, Аптечная ул, 2 А;жилое;7/29/2021;8/11/2021;55.890941;37.448078
48;Химки г, Аптечная ул, 3;жилое;7/29/2021;8/11/2021;55.891618;37.449623
49;Химки г, Аптечная ул, 4;жилое;7/29/2021;8/11/2021;55.891047;37.449066
50;Химки г, Аптечная ул, 5;жилое;7/29/2021;8/11/2021;55.891189;37.450396
51;Химки г, Аптечная ул, 6;жилое;7/29/2021;8/11/2021;55.890401;37.449354
52;Химки г, Аптечная ул, 7;жилое;7/29/2021;8/11/2021;55.890653;37.450288
53;Химки г, Аптечная ул, 8;жилое;7/29/2021;8/11/2021;55.890048;37.450189
54;Химки г, Бабакина ул, 1/6;жилое;6/30/2021;7/14/2021;55.882025;37.428064
55;Химки г, Бабакина ул, 13;жилое;6/30/2021;7/14/2021;55.879308;37.418083
56;Химки г, Бабакина ул, 15;жилое;6/30/2021;7/14/2021;55.878637;37.417491
57;Химки г, Бабакина ул, 2 А;жилое;6/30/2021;7/14/2021;55.883181;37.426043
58;Химки г, Бабакина ул, 2 Б;жилое;6/30/2021;7/14/2021;55.883075;37.427049
59;Химки г, Бабакина ул, 3;жилое;6/30/2021;7/14/2021;55.881141;37.424767
60;Химки г, Бабакина ул, 4;жилое;6/30/2021;7/14/2021;55.881939;37.423141
61;Химки г, Бабакина ул, 5;жилое;6/30/2021;7/14/2021;55.880783;37.426087
62;Химки г, Бабакина ул, 6;жилое;6/30/2021;7/14/2021;55.880167;37.425054
63;Химки г, Бабакина ул, 7;жилое;6/30/2021;7/14/2021;55.880424;37.422117
64;Химки г, Бабакина ул, 8;жилое;6/30/2021;7/14/2021;55.87999;37.423994
65;Химки г, Бабакина ул, 9;жилое;6/30/2021;7/14/2021;55.880162;37.420913
66;Химки г, Березовая Аллея ул, 3;жилое;8/17/2021;8/29/2021;55.900743;37.450279
67;Химки г, Бурденко ул, 2;жилое;8/17/2021;8/29/2021;55.902283;37.452112
68;Химки г, Бурденко ул, 4/13;жилое;8/17/2021;8/29/2021;55.902651;37.453423
69;Химки г, Бурденко ул, 8/5;жилое;8/17/2021;8/29/2021;55.90415;37.454384
70;Химки г, Ватутина ул, 1;жилое;7/29/2021;8/11/2021;55.887135;37.454007
71;Химки г, Ватутина ул, 11;жилое;7/29/2021;8/11/2021;55.888947;37.455031
72;Химки г, Ватутина ул, 13;жилое;7/29/2021;8/11/2021;55.889078;37.455938
73;Химки г, Ватутина ул, 3;жилое;7/29/2021;8/11/2021;55.887397;37.454843
74;Химки г, Ватутина ул, 4 1;жилое;7/29/2021;8/11/2021;55.887847;37.456783
75;Химки г, Ватутина ул, 4 2;жилое;7/29/2021;8/11/2021;55.886943;37.457268
76;Химки г, Ватутина ул, 5;жилое;7/29/2021;8/11/2021;55.88772;37.455247
77;Химки г, Ватутина ул, 9;жилое;7/29/2021;8/11/2021;55.888604;37.455373
78;Химки г, Вашутинское ш, 10;жилое;6/28/2021;7/7/2021;55.921047;37.404492
79;Химки г, Германа Титова ул, 1;жилое;7/19/2021;8/2/2021;55.916108;37.409567
80;Химки г, Германа Титова ул, 10;жилое;6/28/2021;7/7/2021;55.91747;37.412873
81;Химки г, Германа Титова ул, 10 А;жилое;6/28/2021;7/7/2021;55.918176;37.41326
82;Химки г, Германа Титова ул, 12 1;жилое;6/28/2021;7/7/2021;55.917223;37.414535
83;Химки г, Германа Титова ул, 12 2;жилое;6/28/2021;7/7/2021;55.917193;37.41564
84;Химки г, Германа Титова ул, 14 1;жилое;6/28/2021;7/7/2021;55.916315;37.416952
85;Химки г, Германа Титова ул, 14 2;жилое;6/28/2021;7/7/2021;55.917117;37.417203
86;Химки г, Германа Титова ул, 2 1;жилое;6/28/2021;7/7/2021;55.915649;37.412325
87;Химки г, Германа Титова ул, 2 2;жилое;6/28/2021;7/7/2021;55.916133;37.413233
88;Химки г, Германа Титова ул, 2 3;жилое;6/28/2021;7/7/2021;55.915831;37.414131
89;Химки г, Германа Титова ул, 3 1;жилое;7/19/2021;8/2/2021;55.916032;37.408597
90;Химки г, Германа Титова ул, 3 2;жилое;7/19/2021;8/2/2021;55.914721;37.409082
91;Химки г, Германа Титова ул, 4;жилое;6/28/2021;7/7/2021;55.916628;37.41043
92;Химки г, Германа Титова ул, 5 2;жилое;7/19/2021;8/2/2021;55.9158;37.406926
93;Химки г, Германа Титова ул, 6;жилое;6/28/2021;7/7/2021;55.917647;37.408552
94;Химки г, Германа Титова ул, 8;жилое;6/28/2021;7/7/2021;55.918111;37.410457
95;Химки г, Гоголя ул, 12;жилое;8/17/2021;8/29/2021;55.898402;37.447773
96;Химки г, Гоголя ул, 12 А;жилое;8/17/2021;8/29/2021;55.898927;37.448411
97;Химки г, Гоголя ул, 14;жилое;8/17/2021;8/29/2021;55.899128;37.446794
98;Химки г, Гоголя ул, 14 А;жилое;8/17/2021;8/29/2021;55.899507;37.448465
99;Химки г, Гоголя ул, 15;жилое;8/17/2021;8/29/2021;55.899159;37.445608
100;Химки г, Гоголя ул, 17;жилое;8/17/2021;8/29/2021;55.898821;37.44471
101;Химки г, Гоголя ул, 19;жилое;8/17/2021;8/29/2021;55.898402;37.445051
102;Химки г, Гоголя ул, 21;жилое;8/17/2021;8/29/2021;55.897645;37.446488
103;Химки г, Гоголя ул, 5 А;жилое;8/17/2021;8/29/2021;55.897569;37.448339
104;Химки г, Гоголя ул, 7;жилое;8/17/2021;8/29/2021;55.898013;37.447171
105;Химки г, Гоголя ул, 8/2;жилое;8/17/2021;8/29/2021;55.896211;37.450099
106;Химки г, Гоголя ул, 9;жилое;8/17/2021;8/29/2021;55.898649;37.446255
107;Химки г, Горшина ул, 1;жилое;6/1/2021;6/15/2021;55.887892;37.429932
108;Химки г, Горшина ул, 10;жилое;6/1/2021;6/15/2021;55.883752;37.435637
109;Химки г, Горшина ул, 2;жилое;6/1/2021;6/15/2021;55.886832;37.42925
110;Химки г, Горшина ул, 3 1;жилое;6/1/2021;6/15/2021;55.88668;37.432088
111;Химки г, Горшина ул, 3 2;жилое;6/1/2021;6/15/2021;55.886292;37.432654
112;Химки г, Горшина ул, 5;жилое;6/1/2021;6/15/2021;55.885938;37.431576
113;Химки г, Горшина ул, 6 1;жилое;6/1/2021;6/15/2021;55.885565;37.43357
114;Химки г, Горшина ул, 6 2;жилое;6/1/2021;6/15/2021;55.885196;37.434047
115;Химки г, Горшина ул, 8;жилое;6/1/2021;6/15/2021;55.884363;37.433669
116;Химки г, Горшина ул, 9 1;жилое;6/1/2021;6/15/2021;55.884726;37.43472
117;Химки г, Горшина ул, 9 2;жилое;6/1/2021;6/15/2021;55.884252;37.435125
118;Химки г, Дружбы ул, 1 Б;жилое;7/15/2021;7/29/2021;55.899391;37.410223
119;Химки г, Дружбы ул, 10;жилое;6/1/2021;6/15/2021;55.89819;37.413179
120;Химки г, Дружбы ул, 12;жилое;6/1/2021;6/15/2021;55.898306;37.414176
121;Химки г, Дружбы ул, 14;жилое;6/1/2021;6/15/2021;55.898381;37.415155
122;Химки г, Дружбы ул, 4;жилое;6/30/2021;7/14/2021;55.898286;37.411831
123;Химки г, Дружбы ул, 5;жилое;7/15/2021;7/29/2021;55.900769;37.412119
124;Химки г, Дружбы ул, 6;жилое;6/30/2021;7/14/2021;55.898715;37.412235
125;Химки г, Дружбы ул, 7;жилое;7/15/2021;7/29/2021;55.900208;37.413799
126;Химки г, Дружбы ул, 8;жилое;6/1/2021;6/15/2021;55.899214;37.413295
127;Химки г, Дружбы ул, 8 А;жилое;6/1/2021;6/15/2021;55.899764;37.414903
128;Химки г, З.Космодемьянской ул, 1;жилое;8/2/2021;8/16/2021;55.884105;37.44868
129;Химки г, З.Космодемьянской ул, 3;жилое;8/2/2021;8/16/2021;55.884186;37.448024
130;Химки г, З.Космодемьянской ул, 4;жилое;8/2/2021;8/16/2021;55.88407;37.451258
131;Химки г, З.Космодемьянской ул, 4 А;жилое;8/2/2021;8/16/2021;55.88459;37.451707
132;Химки г, З.Космодемьянской ул, 5;жилое;8/2/2021;8/16/2021;55.8851;37.447854
133;Химки г, З.Космодемьянской ул, 5 Б;жилое;8/2/2021;8/16/2021;55.884716;37.448662
134;Химки г, З.Космодемьянской ул, 6;жилое;8/2/2021;8/16/2021;55.884545;37.450477
135;Химки г, Ивакино кв-л, 27 1;жилое;8/17/2021;8/30/2021;55.954929;37.478396
136;Химки г, Ивакино кв-л, 27 2;жилое;8/17/2021;8/30/2021;55.954501;37.478199
137;Химки г, Имени К. И. Вороницына ул, 1 1;жилое;7/19/2021;8/2/2021;55.914726;37.407519
138;Химки г, Имени К. И. Вороницына ул, 1 2;жилое;7/19/2021;8/2/2021;55.91402;37.409226
139;Химки г, Калинина ул, 11;жилое;8/2/2021;8/16/2021;55.887746;37.445545
140;Химки г, Калинина ул, 13;жилое;8/2/2021;8/16/2021;55.8882;37.445302
141;Химки г, Калинина ул, 3;жилое;8/2/2021;8/16/2021;55.885428;37.451752
142;Химки г, Калинина ул, 3 А;жилое;8/2/2021;8/16/2021;55.885201;37.451007
143;Химки г, Калинина ул, 5;жилое;8/2/2021;8/16/2021;55.886514;37.448249
144;Химки г, Калинина ул, 7;жилое;8/2/2021;8/16/2021;55.886564;37.446928
145;Химки г, Калинина ул, 9;жилое;8/2/2021;8/16/2021;55.887382;37.446776
146;Химки г, Кирова ул, 10 1;жилое;8/2/2021;8/16/2021;55.89189;37.451519
147;Химки г, Кирова ул, 10 2;жилое;8/2/2021;8/16/2021;55.891481;37.451025
148;Химки г, Кирова ул, 11;жилое;8/2/2021;8/16/2021;55.890416;37.452444
149;Химки г, Кирова ул, 12;жилое;8/2/2021;8/16/2021;55.891986;37.450594
150;Химки г, Кирова ул, 13;жилое;8/2/2021;8/16/2021;55.889714;37.452246
151;Химки г, Кирова ул, 14;жилое;8/2/2021;8/16/2021;55.89081;37.45115
152;Химки г, Кирова ул, 15;жилое;8/2/2021;8/16/2021;55.889361;37.452929
153;Химки г, Кирова ул, 16/10;жилое;8/2/2021;8/16/2021;55.889957;37.45133
154;Химки г, Кирова ул, 17;жилое;8/2/2021;8/16/2021;55.888836;37.453378
155;Химки г, Кирова ул, 18;жилое;8/2/2021;8/16/2021;55.889104;37.451222
156;Химки г, Кирова ул, 19;жилое;8/2/2021;8/16/2021;55.888452;37.45257
157;Химки г, Кирова ул, 19 А;жилое;8/2/2021;8/16/2021;55.888932;37.452309
158;Химки г, Кирова ул, 20;жилое;8/2/2021;8/16/2021;55.888336;37.451528
159;Химки г, Кирова ул, 21;жилое;8/2/2021;8/16/2021;55.88772;37.45354
160;Химки г, Кирова ул, 23;жилое;8/2/2021;8/16/2021;55.887448;37.452426
161;Химки г, Кирова ул, 25;жилое;8/2/2021;8/16/2021;55.88717;37.453297
162;Химки г, Кирова ул, 26;жилое;8/2/2021;8/16/2021;55.88509;37.452067
163;Химки г, Кирова ул, 28;жилое;8/2/2021;8/16/2021;55.88462;37.452426
164;Химки г, Кирова ул, 30;жилое;8/2/2021;8/16/2021;55.884166;37.452723
165;Химки г, Кирова ул, 32;жилое;8/2/2021;8/16/2021;55.8836;37.453279
166;Химки г, Кирова ул, 4;жилое;8/2/2021;8/16/2021;55.893006;37.452399
167;Химки г, Кирова ул, 5;жилое;8/2/2021;8/16/2021;55.891668;37.452624
168;Химки г, Кирова ул, 6;жилое;8/2/2021;8/16/2021;55.892314;37.452408
169;Химки г, Кирова ул, 6 А;жилое;8/2/2021;8/16/2021;55.892814;37.451294
170;Химки г, Кирова ул, 7;жилое;8/2/2021;8/16/2021;55.891259;37.45319
171;Химки г, Кирова ул, 8;жилое;8/2/2021;8/16/2021;55.892365;37.451088
172;Химки г, Кирова ул, 9;жилое;8/2/2021;8/16/2021;55.891007;37.452193
173;Химки г, Клязьма кв-л, Летчика Ивана Федорова ул, 1;жилое;6/21/2021;7/1/2021;55.958462;37.441233
174;Химки г, Клязьма кв-л, Летчика Ивана Федорова ул, 2 1;жилое;6/15/2021;6/24/2021;55.958154;37.440982
175;Химки г, Клязьма кв-л, Летчика Ивана Федорова ул, 2 2;жилое;6/21/2021;7/1/2021;55.957817;37.441395
176;Химки г, Клязьма кв-л, Летчика Ивана Федорова ул, 2 3;жилое;6/15/2021;6/25/2021;55.958038;37.440344
177;Химки г, Клязьма кв-л, Летчика Ивана Федорова ул, 3 2;жилое;7/1/2021;7/8/2021;55.959172;37.442347
178;Химки г, Клязьма кв-л, Летчика Ивана Федорова ул, 4;жилое;6/7/2021;6/17/2021;55.957953;37.442203
179;Химки г, Клязьма кв-л, Летчика Ивана Федорова ул, 5;жилое;8/2/2021;8/12/2021;55.958306;37.443928
180;Химки г, Клязьма кв-л, Летчика Ивана Федорова ул, 6;жилое;6/1/2021;6/11/2021;55.957726;37.443003
181;Химки г, Клязьма кв-л, Летчика Ивана Федорова ул, 7;жилое;8/2/2021;8/12/2021;55.957766;37.444952
182;Химки г, Клязьма кв-л, Летчика Ивана Федорова ул, 8 1;жилое;8/16/2021;8/26/2021;55.957207;37.444799
183;Химки г, Клязьма кв-л, Летчика Ивана Федорова ул, 8 2;жилое;8/9/2021;8/19/2021;55.957545;37.443461
184;Химки г, Клязьма кв-л, Летчика Ивана Федорова ул, 8 3;жилое;8/9/2021;8/19/2021;55.957081;37.443847
185;Химки г, Клязьма кв-л, Набережный проезд, 1;жилое;7/12/2021;7/22/2021;55.960256;37.443164
186;Химки г, Клязьма кв-л, Набережный проезд, 1 2;жилое;8/5/2021;8/12/2021;55.959545;37.442293
187;Химки г, Клязьма кв-л, Набережный проезд, 10;жилое;6/7/2021;6/17/2021;55.957404;37.441709
188;Химки г, Клязьма кв-л, Набережный проезд, 11;жилое;7/5/2021;7/15/2021;55.956884;37.44055
189;Химки г, Клязьма кв-л, Набережный проезд, 12;жилое;6/1/2021;6/11/2021;55.957177;37.442509
190;Химки г, Клязьма кв-л, Набережный проезд, 13;жилое;7/5/2021;7/15/2021;55.956683;37.441143
191;Химки г, Клязьма кв-л, Набережный проезд, 14;жилое;7/5/2021;7/15/2021;55.95637;37.442832
192;Химки г, Клязьма кв-л, Набережный проезд, 15;жилое;7/5/2021;7/15/2021;55.956456;37.441745
193;Химки г, Клязьма кв-л, Набережный проезд, 16;жилое;7/5/2021;7/15/2021;55.956255;37.443623
194;Химки г, Клязьма кв-л, Набережный проезд, 17;жилое;7/5/2021;7/15/2021;55.956199;37.442293
195;Химки г, Клязьма кв-л, Набережный проезд, 18;жилое;7/5/2021;7/15/2021;55.956864;37.443191
196;Химки г, Клязьма кв-л, Набережный проезд, 19;жилое;7/5/2021;7/15/2021;55.955982;37.443209
197;Химки г, Клязьма кв-л, Набережный проезд, 2 2;жилое;7/22/2021;7/29/2021;55.959414;37.443605
198;Химки г, Клязьма кв-л, Набережный проезд, 20;жилое;7/5/2021;7/15/2021;55.956658;37.444135
199;Химки г, Клязьма кв-л, Набережный проезд, 21;жилое;7/5/2021;7/15/2021;55.956013;37.444054
200;Химки г, Клязьма кв-л, Набережный проезд, 22;жилое;7/5/2021;7/15/2021;55.958467;37.444485
201;Химки г, Клязьма кв-л, Набережный проезд, 23;жилое;7/5/2021;7/15/2021;55.956028;37.444611
202;Химки г, Клязьма кв-л, Набережный проезд, 24 1;жилое;7/12/2021;7/22/2021;55.959334;37.444422
203;Химки г, Клязьма кв-л, Набережный проезд, 24 2;жилое;7/12/2021;7/22/2021;55.959591;37.444198
204;Химки г, Клязьма кв-л, Набережный проезд, 25 1;жилое;7/8/2021;7/15/2021;55.956693;37.445024
205;Химки г, Клязьма кв-л, Набережный проезд, 3;жилое;7/12/2021;7/22/2021;55.960447;37.441503
206;Химки г, Клязьма кв-л, Набережный проезд, 5;жилое;7/12/2021;7/22/2021;55.959575;37.440487
207;Химки г, Клязьма кв-л, Набережный проезд, 6;жилое;7/15/2021;7/22/2021;55.959228;37.440928
208;Химки г, Клязьма кв-л, Набережный проезд, 7;жилое;6/21/2021;7/1/2021;55.958054;37.439787
209;Химки г, Клязьма кв-л, Набережный проезд, 8;жилое;6/21/2021;7/1/2021;55.957449;37.440559
210;Химки г, Клязьма кв-л, Набережный проезд, 9;жилое;7/5/2021;7/15/2021;55.957015;37.440128
211;Химки г, Кольцевая ул, 10;жилое;8/2/2021;8/16/2021;55.883328;37.449686
212;Химки г, Кольцевая ул, 12;жилое;8/2/2021;8/16/2021;55.883373;37.448303
213;Химки г, Кольцевая ул, 14;жилое;8/2/2021;8/16/2021;55.883449;37.447656
214;Химки г, Кольцевая ул, 16;жилое;8/2/2021;8/16/2021;55.883363;37.446515
215;Химки г, Кольцевая ул, 2;жилое;8/2/2021;8/16/2021;55.883419;37.452471
216;Химки г, Кольцевая ул, 4;жилое;8/2/2021;8/16/2021;55.883853;37.452237
217;Химки г, Кольцевая ул, 6;жилое;8/2/2021;8/16/2021;55.883484;37.45142
218;Химки г, Кольцевая ул, 8;жилое;8/2/2021;8/16/2021;55.883434;37.450611
219;Химки г, Коммунистическая ул, 3;жилое;7/29/2021;8/11/2021;55.891441;37.444683
220;Химки г, Коммунистическая ул, 4;жилое;7/29/2021;8/11/2021;55.892213;37.444404
221;Химки г, Красноармейская ул, 7;жилое;8/17/2021;8/30/2021;55.910397;37.456504
222;Химки г, Кудрявцева ул, 1;жилое;8/17/2021;8/29/2021;55.898356;37.459235
223;Химки г, Кудрявцева ул, 11;жилое;8/17/2021;8/29/2021;55.895202;37.463942
224;Химки г, Кудрявцева ул, 12;жилое;8/17/2021;8/29/2021;55.895469;37.465227
225;Химки г, Кудрявцева ул, 14;жилое;8/17/2021;8/29/2021;55.89606;37.466143
226;Химки г, Кудрявцева ул, 15;жилое;8/17/2021;8/29/2021;55.896797;37.466566
227;Химки г, Кудрявцева ул, 16;жилое;8/17/2021;8/29/2021;55.897367;37.464517
228;Химки г, Кудрявцева ул, 2;жилое;8/17/2021;8/29/2021;55.898412;37.456855
229;Химки г, Кудрявцева ул, 2 А;жилое;8/17/2021;8/29/2021;55.898861;37.457331
230;Химки г, Кудрявцева ул, 3;жилое;8/17/2021;8/29/2021;55.897998;37.459954
231;Химки г, Кудрявцева ул, 4;жилое;8/17/2021;8/29/2021;55.898119;37.457879
232;Химки г, Кудрявцева ул, 5;жилое;8/17/2021;8/29/2021;55.898588;37.460205
233;Химки г, Кудрявцева ул, 6;жилое;8/17/2021;8/29/2021;55.897665;37.458642
234;Химки г, Кудрявцева ул, 8;жилое;8/17/2021;8/29/2021;55.89717;37.459415
235;Химки г, Куркинское ш, 12;жилое;6/15/2021;6/29/2021;55.883515;37.421847
236;Химки г, Куркинское ш, 14;жилое;6/15/2021;6/29/2021;55.884186;37.421273
237;Химки г, Куркинское ш, 16;жилое;6/15/2021;6/29/2021;55.884656;37.422144
238;Химки г, Куркинское ш, 20;жилое;6/15/2021;6/29/2021;55.884136;37.417697
239;Химки г, Куркинское ш, 22;жилое;6/15/2021;6/29/2021;55.883944;37.416017
240;Химки г, Куркинское ш, 24;жилое;6/15/2021;6/29/2021;55.884615;37.416062
241;Химки г, Куркинское ш, 26;жилое;6/15/2021;6/29/2021;55.884913;37.417284
242;Химки г, Куркинское ш, 6;жилое;6/15/2021;6/29/2021;55.883782;37.423734
243;Химки г, Куркинское ш, 7;жилое;6/30/2021;7/14/2021;55.882621;37.419476
244;Химки г, Куркинское ш, 8;жилое;6/15/2021;6/29/2021;55.883151;37.422934
245;Химки г, Лавочкина ул, 10;жилое;6/15/2021;6/29/2021;55.890855;37.423527
246;Химки г, Лавочкина ул, 13 1;жилое;6/15/2021;6/29/2021;55.891451;37.421614
247;Химки г, Лавочкина ул, 13 2;жилое;6/15/2021;6/29/2021;55.891113;37.421156
248;Химки г, Лавочкина ул, 14;жилое;6/15/2021;6/29/2021;55.891143;37.418407
249;Химки г, Лавочкина ул, 15;жилое;6/15/2021;6/29/2021;55.890537;37.419072
250;Химки г, Лавочкина ул, 16;жилое;6/15/2021;6/29/2021;55.890891;37.417185
251;Химки г, Лавочкина ул, 17;жилое;6/15/2021;6/29/2021;55.890583;37.417625
252;Химки г, Лавочкина ул, 18;жилое;6/15/2021;6/29/2021;55.89028;37.418066
253;Химки г, Лавочкина ул, 19;жилое;6/15/2021;6/29/2021;55.889972;37.418506
254;Химки г, Лавочкина ул, 2;жилое;6/15/2021;6/29/2021;55.891941;37.425045
255;Химки г, Лавочкина ул, 23;жилое;6/15/2021;6/29/2021;55.889689;37.416251
256;Химки г, Лавочкина ул, 23 А;жилое;6/15/2021;6/29/2021;55.889942;37.417149
257;Химки г, Лавочкина ул, 24;жилое;6/15/2021;6/29/2021;55.889841;37.414903
258;Химки г, Лавочкина ул, 25;жилое;6/15/2021;6/29/2021;55.890356;37.41449
259;Химки г, Лавочкина ул, 3;жилое;6/15/2021;6/29/2021;55.891088;37.425935
260;Химки г, Лавочкина ул, 4;жилое;6/15/2021;6/29/2021;55.891103;37.425153
261;Химки г, Лавочкина ул, 5;жилое;6/15/2021;6/29/2021;55.891128;37.424435
262;Химки г, Лавочкина ул, 9;жилое;6/15/2021;6/29/2021;55.891209;37.423384
263;Химки г, Левобережный мкр, Библиотечная ул, 16;жилое;7/21/2021;8/3/2021;55.894444;37.478693
264;Химки г, Левобережный мкр, Библиотечная ул, 18;жилое;7/21/2021;8/3/2021;55.894071;37.47898
265;Химки г, Левобережный мкр, Библиотечная ул, 2;жилое;7/21/2021;8/3/2021;55.892668;37.472926
266;Химки г, Левобережный мкр, Библиотечная ул, 22;жилое;7/21/2021;8/3/2021;55.894641;37.48004
267;Химки г, Левобережный мкр, Библиотечная ул, 24;жилое;7/21/2021;8/3/2021;55.894126;37.480939
268;Химки г, Левобережный мкр, Библиотечная ул, 26;жилое;7/21/2021;8/3/2021;55.895171;37.481325
269;Химки г, Левобережный мкр, Библиотечная ул, 27;жилое;7/21/2021;8/3/2021;55.894717;37.481325
270;Химки г, Левобережный мкр, Библиотечная ул, 29;жилое;7/21/2021;8/3/2021;55.894636;37.482286
271;Химки г, Левобережный мкр, Библиотечная ул, 4;жилое;7/21/2021;8/3/2021;55.892935;37.473959
272;Химки г, Левобережный мкр, Библиотечная ул, 6;жилое;7/21/2021;8/3/2021;55.893339;37.475198
273;Химки г, Левобережный мкр, Библиотечная ул, 8;жилое;7/21/2021;8/3/2021;55.893612;37.476636
274;Химки г, Левобережный мкр, Зеленая ул, 1;жилое;7/21/2021;8/3/2021;55.890704;37.481379
275;Химки г, Левобережный мкр, Зеленая ул, 10;жилое;7/21/2021;8/3/2021;55.888331;37.478881
276;Химки г, Левобережный мкр, Зеленая ул, 11;жилое;7/21/2021;8/3/2021;55.888634;37.477606
277;Химки г, Левобережный мкр, Зеленая ул, 12;жилое;7/21/2021;8/3/2021;55.887958;37.477372
278;Химки г, Левобережный мкр, Зеленая ул, 13;жилое;7/21/2021;8/3/2021;55.888553;37.476429
279;Химки г, Левобережный мкр, Зеленая ул, 14;жилое;7/21/2021;8/3/2021;55.887741;37.47607
280;Химки г, Левобережный мкр, Зеленая ул, 15;жилое;7/21/2021;8/3/2021;55.889553;37.477453
281;Химки г, Левобережный мкр, Зеленая ул, 15 А;жилое;7/21/2021;8/3/2021;55.890472;37.478262
282;Химки г, Левобережный мкр, Зеленая ул, 16;жилое;7/21/2021;8/3/2021;55.887963;37.474776
283;Химки г, Левобережный мкр, Зеленая ул, 18;жилое;7/21/2021;8/3/2021;55.88765;37.473653
284;Химки г, Левобережный мкр, Зеленая ул, 19;жилое;7/21/2021;8/3/2021;55.888478;37.473959
285;Химки г, Левобережный мкр, Зеленая ул, 2;жилое;7/21/2021;8/3/2021;55.89028;37.482412
286;Химки г, Левобережный мкр, Зеленая ул, 20;жилое;7/21/2021;8/3/2021;55.888977;37.473689
287;Химки г, Левобережный мкр, Зеленая ул, 21;жилое;7/21/2021;8/3/2021;55.889235;37.475486
288;Химки г, Левобережный мкр, Зеленая ул, 4;жилое;7/21/2021;8/3/2021;55.890083;37.480436
289;Химки г, Левобережный мкр, Зеленая ул, 6;жилое;7/21/2021;8/3/2021;55.889578;37.481711
290;Химки г, Левобережный мкр, Зеленая ул, 6 1;жилое;7/21/2021;8/3/2021;55.889139;37.481226
291;Химки г, Левобережный мкр, Зеленая ул, 7;жилое;7/21/2021;8/3/2021;55.889477;37.4796
292;Химки г, Левобережный мкр, Зеленая ул, 8;жилое;7/21/2021;8/3/2021;55.888644;37.480175
293;Химки г, Левобережный мкр, Зеленая ул, 9;жилое;7/21/2021;8/3/2021;55.889073;37.478612
294;Химки г, Левобережный мкр, Нахимова ул, 12;жилое;7/21/2021;8/3/2021;55.889437;37.471138
295;Химки г, Левобережный мкр, Нахимова ул, 14;жилое;7/21/2021;8/3/2021;55.889336;37.472638
296;Химки г, Левобережный мкр, Нахимова ул, 3;жилое;7/21/2021;8/3/2021;55.89191;37.473096
297;Химки г, Левобережный мкр, Нахимова ул, 4;жилое;7/21/2021;8/3/2021;55.890643;37.473015
298;Химки г, Левобережный мкр, Нахимова ул, 4 А;жилое;7/21/2021;8/3/2021;55.890224;37.471794
299;Химки г, Левобережный мкр, Нахимова ул, 6;жилое;7/21/2021;8/3/2021;55.890043;37.472908
300;Химки г, Левобережный мкр, Нахимова ул, 8;жилое;7/21/2021;8/3/2021;55.88975;37.471884
301;Химки г, Левобережный мкр, Пожарского ул, 12;жилое;7/21/2021;8/3/2021;55.891719;37.478819
302;Химки г, Левобережный мкр, Пожарского ул, 13;жилое;7/21/2021;8/3/2021;55.893359;37.478792
303;Химки г, Левобережный мкр, Пожарского ул, 14;жилое;7/21/2021;8/3/2021;55.891693;37.479816
304;Химки г, Левобережный мкр, Пожарского ул, 15;жилое;7/21/2021;8/3/2021;55.893546;37.479402
305;Химки г, Левобережный мкр, Пожарского ул, 16;жилое;7/21/2021;8/3/2021;55.891764;37.480849
306;Химки г, Левобережный мкр, Пожарского ул, 17;жилое;7/21/2021;8/3/2021;55.893748;37.480031
307;Химки г, Левобережный мкр, Пожарского ул, 18;жилое;7/21/2021;8/3/2021;55.89242;37.48199
308;Химки г, Левобережный мкр, Пожарского ул, 18 А;жилое;7/21/2021;8/3/2021;55.892637;37.481199
309;Химки г, Левобережный мкр, Пожарского ул, 19;жилое;7/21/2021;8/3/2021;55.891981;37.482565
310;Химки г, Левобережный мкр, Пожарского ул, 2;жилое;7/21/2021;8/3/2021;55.891047;37.474201
311;Химки г, Левобережный мкр, Пожарского ул, 20;жилое;7/21/2021;8/3/2021;55.893102;37.482295
312;Химки г, Левобережный мкр, Пожарского ул, 21;жилое;7/21/2021;8/3/2021;55.891269;37.482609
313;Химки г, Левобережный мкр, Пожарского ул, 27;жилое;7/21/2021;8/3/2021;55.893839;37.483391
314;Химки г, Левобережный мкр, Пожарского ул, 29;жилое;7/21/2021;8/3/2021;55.894803;37.483454
315;Химки г, Левобережный мкр, Пожарского ул, 3;жилое;7/21/2021;8/3/2021;55.892087;37.47377
316;Химки г, Левобережный мкр, Пожарского ул, 4;жилое;7/21/2021;8/3/2021;55.89134;37.475162
317;Химки г, Левобережный мкр, Пожарского ул, 6;жилое;7/21/2021;8/3/2021;55.891648;37.476187
318;Химки г, Левобережный мкр, Пожарского ул, 7;жилое;7/21/2021;8/3/2021;55.892713;37.475782
319;Химки г, Левобережный мкр, Пожарского ул, 9;жилое;7/21/2021;8/3/2021;55.892895;37.476357
320;Химки г, Левобережный мкр, Совхозная ул, 1;жилое;7/21/2021;8/3/2021;55.895752;37.481334
321;Химки г, Левобережный мкр, Совхозная ул, 10;жилое;7/21/2021;8/3/2021;55.89881;37.477633
322;Химки г, Левобережный мкр, Совхозная ул, 11;жилое;7/21/2021;8/3/2021;55.897634;37.477759
323;Химки г, Левобережный мкр, Совхозная ул, 12;жилое;7/21/2021;8/3/2021;55.899658;37.474929
324;Химки г, Левобережный мкр, Совхозная ул, 13;жилое;7/21/2021;8/3/2021;55.898159;37.475674
325;Химки г, Левобережный мкр, Совхозная ул, 14;жилое;7/21/2021;8/3/2021;55.900905;37.475387
326;Химки г, Левобережный мкр, Совхозная ул, 15;жилое;7/21/2021;8/3/2021;55.899017;37.474435
327;Химки г, Левобережный мкр, Совхозная ул, 16;жилое;7/21/2021;8/3/2021;55.901707;37.477516
328;Химки г, Левобережный мкр, Совхозная ул, 16 2;жилое;7/21/2021;8/3/2021;55.902389;37.480211
329;Химки г, Левобережный мкр, Совхозная ул, 16 3;жилое;7/21/2021;8/3/2021;55.901349;37.478935
330;Химки г, Левобережный мкр, Совхозная ул, 17 1;жилое;7/21/2021;8/3/2021;55.899492;37.47306
331;Химки г, Левобережный мкр, Совхозная ул, 17 2;жилое;7/21/2021;8/3/2021;55.899063;37.472953
332;Химки г, Левобережный мкр, Совхозная ул, 17 3;жилое;7/21/2021;8/3/2021;55.898624;37.472818
333;Химки г, Левобережный мкр, Совхозная ул, 18;жилое;7/21/2021;8/3/2021;55.901082;37.481918
334;Химки г, Левобережный мкр, Совхозная ул, 18 2;жилое;7/21/2021;8/3/2021;55.901183;37.48048
335;Химки г, Левобережный мкр, Совхозная ул, 19 1;жилое;7/21/2021;8/3/2021;55.901874;37.47324
336;Химки г, Левобережный мкр, Совхозная ул, 19 2;жилое;7/21/2021;8/3/2021;55.902283;37.473905
337;Химки г, Левобережный мкр, Совхозная ул, 2;жилое;7/21/2021;8/3/2021;55.89716;37.482017
338;Химки г, Левобережный мкр, Совхозная ул, 25 1;жилое;7/21/2021;8/3/2021;55.903231;37.478675
339;Химки г, Левобережный мкр, Совхозная ул, 25 2;жилое;7/21/2021;8/3/2021;55.903671;37.477714
340;Химки г, Левобережный мкр, Совхозная ул, 27;жилое;7/21/2021;8/3/2021;55.905926;37.481864
341;Химки г, Левобережный мкр, Совхозная ул, 29;жилое;7/21/2021;8/3/2021;55.905598;37.484667
342;Химки г, Левобережный мкр, Совхозная ул, 3;жилое;7/21/2021;8/3/2021;55.89552;37.480022
343;Химки г, Левобережный мкр, Совхозная ул, 4;жилое;7/21/2021;8/3/2021;55.89774;37.480373
344;Химки г, Левобережный мкр, Совхозная ул, 4 А;жилое;7/21/2021;8/3/2021;55.89772;37.481289
345;Химки г, Левобережный мкр, Совхозная ул, 4 Б;жилое;7/21/2021;8/3/2021;55.897725;37.482196
346;Химки г, Левобережный мкр, Совхозная ул, 5;жилое;7/21/2021;8/3/2021;55.895989;37.480166
347;Химки г, Левобережный мкр, Совхозная ул, 7;жилое;7/21/2021;8/3/2021;55.896443;37.480355
348;Химки г, Левобережный мкр, Совхозная ул, 8;жилое;7/21/2021;8/3/2021;55.899648;37.482017
349;Химки г, Левобережный мкр, Совхозная ул, 8 А;жилое;7/21/2021;8/3/2021;55.898997;37.483229
350;Химки г, Левобережный мкр, Совхозная ул, 9;жилое;7/21/2021;8/3/2021;55.897332;37.479708
351;Химки г, Левобережный мкр, Чайковского ул, 1;жилое;7/21/2021;8/3/2021;55.889603;37.468739
352;Химки г, Левобережный мкр, Чайковского ул, 3;жилое;7/21/2021;8/3/2021;55.890139;37.469009
353;Химки г, Левобережный мкр, Чайковского ул, 5;жилое;7/21/2021;8/3/2021;55.890689;37.469341
354;Химки г, Ленинградская ул, 10;жилое;6/1/2021;6/15/2021;55.888124;37.439939
355;Химки г, Ленинградская ул, 11;жилое;6/1/2021;6/15/2021;55.888397;37.440703
356;Химки г, Ленинградская ул, 16;жилое;6/1/2021;6/15/2021;55.888781;37.437658
357;Химки г, Ленинградская ул, 17;жилое;6/1/2021;6/15/2021;55.890406;37.435861
358;Химки г, Ленинградская ул, 18;жилое;6/1/2021;6/15/2021;55.891113;37.434783
359;Химки г, Ленинградская ул, 18 А;жилое;6/1/2021;6/15/2021;55.891638;37.434666
360;Химки г, Ленинградская ул, 19;жилое;6/1/2021;6/15/2021;55.892365;37.434433
361;Химки г, Ленинградская ул, 2;жилое;8/2/2021;8/16/2021;55.884504;37.443003
362;Химки г, Ленинградская ул, 20;жилое;6/1/2021;6/15/2021;55.892466;37.433454
363;Химки г, Ленинградская ул, 3;жилое;8/2/2021;8/16/2021;55.885039;37.442347
364;Химки г, Ленинградская ул, 33;жилое;6/1/2021;6/15/2021;55.905437;37.41758
365;Химки г, Ленинградская ул, 4/23;жилое;6/1/2021;6/15/2021;55.885549;37.442095
366;Химки г, Ленинградская ул, 5/40;жилое;6/1/2021;6/15/2021;55.885989;37.441404
367;Химки г, Ленинградская ул, 6;жилое;6/1/2021;6/15/2021;55.886256;37.44082
368;Химки г, Ленинградская ул, 7;жилое;6/1/2021;6/15/2021;55.887195;37.440991
369;Химки г, Ленинградская ул, 8;жилое;6/1/2021;6/15/2021;55.887655;37.441754
370;Химки г, Ленинградская ул, 9;жилое;6/1/2021;6/15/2021;55.88764;37.44038
371;Химки г, Ленинградская ул, 9 А;жилое;6/1/2021;6/15/2021;55.887534;37.439445
372;Химки г, Ленинский пр-кт, 1 1;жилое;8/17/2021;8/30/2021;55.895424;37.452318
373;Химки г, Ленинский пр-кт, 1 2;жилое;8/17/2021;8/30/2021;55.895767;37.45266
374;Химки г, Ленинский пр-кт, 1 3;жилое;8/17/2021;8/30/2021;55.896156;37.453091
375;Химки г, Ленинский пр-кт, 10;жилое;8/17/2021;8/30/2021;55.899971;37.461769
376;Химки г, Ленинский пр-кт, 11;жилое;8/17/2021;8/30/2021;55.898699;37.455211
377;Химки г, Ленинский пр-кт, 11 А;жилое;8/17/2021;8/30/2021;55.899027;37.454366
378;Химки г, Ленинский пр-кт, 12;жилое;8/17/2021;8/30/2021;55.900436;37.461185
379;Химки г, Ленинский пр-кт, 16;жилое;8/17/2021;8/30/2021;55.903842;37.466494
380;Химки г, Ленинский пр-кт, 17;жилое;8/17/2021;8/30/2021;55.900072;37.458337
381;Химки г, Ленинский пр-кт, 18;жилое;8/17/2021;8/30/2021;55.904261;37.466871
382;Химки г, Ленинский пр-кт, 19/1;жилое;8/17/2021;8/30/2021;55.900335;37.458966
383;Химки г, Ленинский пр-кт, 2;жилое;8/17/2021;8/30/2021;55.899027;37.4584
384;Химки г, Ленинский пр-кт, 20;жилое;8/17/2021;8/30/2021;55.9047;37.467194
385;Химки г, Ленинский пр-кт, 22;жилое;8/17/2021;8/30/2021;55.905472;37.46812
386;Химки г, Ленинский пр-кт, 23 А;жилое;8/17/2021;8/30/2021;55.901788;37.460744
387;Химки г, Ленинский пр-кт, 25;жилое;8/17/2021;8/30/2021;55.901612;37.462119
388;Химки г, Ленинский пр-кт, 27;жилое;8/17/2021;8/30/2021;55.902046;37.462038
389;Химки г, Ленинский пр-кт, 29;жилое;8/17/2021;8/30/2021;55.902419;37.461104
390;Химки г, Ленинский пр-кт, 33 1;жилое;8/17/2021;8/30/2021;55.904069;37.464751
391;Химки г, Ленинский пр-кт, 33 2;жилое;8/17/2021;8/30/2021;55.904357;37.463889
392;Химки г, Ленинский пр-кт, 33 3;жилое;8/17/2021;8/30/2021;55.904634;37.463053
393;Химки г, Ленинский пр-кт, 35 1;жилое;8/17/2021;8/30/2021;55.904493;37.465146
394;Химки г, Ленинский пр-кт, 35 2;жилое;8/17/2021;8/30/2021;55.904756;37.464455
395;Химки г, Ленинский пр-кт, 35 3;жилое;8/17/2021;8/30/2021;55.905043;37.463646
396;Химки г, Ленинский пр-кт, 4;жилое;8/17/2021;8/30/2021;55.899421;37.459226
397;Химки г, Ленинский пр-кт, 6;жилое;8/17/2021;8/30/2021;55.899739;37.459963
398;Химки г, Ленинский пр-кт, 8;жилое;8/17/2021;8/30/2021;55.900047;37.460718
399;Химки г, М.Рубцовой ул, 1 1;жилое;7/15/2021;7/29/2021;55.907859;37.404573
400;Химки г, М.Рубцовой ул, 1 2;жилое;7/15/2021;7/29/2021;55.908283;37.405022
401;Химки г, М.Рубцовой ул, 1 3;жилое;7/15/2021;7/29/2021;55.908727;37.404833
402;Химки г, М.Рубцовой ул, 1 4;жилое;7/15/2021;7/29/2021;55.908959;37.404142
403;Химки г, М.Рубцовой ул, 1 5;жилое;7/15/2021;7/29/2021;55.908868;37.403216
404;Химки г, М.Рубцовой ул, 3;жилое;7/15/2021;7/29/2021;55.907788;37.403145
405;Химки г, М.Рубцовой ул, 5;жилое;7/15/2021;7/29/2021;55.90801;37.400791
406;Химки г, М.Рубцовой ул, 7;жилое;7/15/2021;7/29/2021;55.906799;37.400512
407;Химки г, Марины Расковой ул, 5;жилое;8/2/2021;8/16/2021;55.886095;37.445491
408;Химки г, Машинцева ул, 3;жилое;6/30/2021;7/14/2021;55.8908;37.409514
409;Химки г, Машинцева ул, 3 А;жилое;6/30/2021;7/14/2021;55.890002;37.409442
410;Химки г, Машинцева ул, 5;жилое;6/30/2021;7/14/2021;55.890966;37.408498
411;Химки г, Машинцева ул, 7;жилое;6/30/2021;7/14/2021;55.89079;37.406917
412;Химки г, Машинцева ул, 9;жилое;6/30/2021;7/14/2021;55.890699;37.405929
413;Химки г, Маяковского ул, 11;жилое;7/29/2021;8/11/2021;55.893586;37.44409
414;Химки г, Маяковского ул, 12;жилое;7/29/2021;8/11/2021;55.894207;37.44267
415;Химки г, Маяковского ул, 13;жилое;7/29/2021;8/11/2021;55.893162;37.442616
416;Химки г, Маяковского ул, 14;жилое;7/29/2021;8/11/2021;55.893682;37.442302
417;Химки г, Маяковского ул, 16/10;жилое;6/1/2021;6/15/2021;55.892905;37.440505
418;Химки г, Маяковского ул, 19/8;жилое;7/29/2021;8/11/2021;55.892582;37.441197
419;Химки г, Маяковского ул, 2;жилое;7/29/2021;8/11/2021;55.895928;37.445473
420;Химки г, Маяковского ул, 20;жилое;6/1/2021;6/15/2021;55.892158;37.438682
421;Химки г, Маяковского ул, 21 А;жилое;6/1/2021;6/15/2021;55.891108;37.439787
422;Химки г, Маяковского ул, 21/13;жилое;6/1/2021;6/15/2021;55.891976;37.439535
423;Химки г, Маяковского ул, 22;жилое;6/1/2021;6/15/2021;55.892042;37.437739
424;Химки г, Маяковского ул, 23;жилое;6/1/2021;6/15/2021;55.891587;37.438502
425;Химки г, Маяковского ул, 24;жилое;6/1/2021;6/15/2021;55.891794;37.437119
426;Химки г, Маяковского ул, 25;жилое;6/1/2021;6/15/2021;55.891123;37.437343
427;Химки г, Маяковского ул, 26;жилое;6/1/2021;6/15/2021;55.891532;37.436526
428;Химки г, Маяковского ул, 27;жилое;6/1/2021;6/15/2021;55.890568;37.436715
429;Химки г, Маяковского ул, 28;жилое;6/1/2021;6/15/2021;55.8913;37.435861
430;Химки г, Маяковского ул, 3;жилое;7/29/2021;8/11/2021;55.894682;37.44683
431;Химки г, Маяковского ул, 30;жилое;6/1/2021;6/15/2021;55.890971;37.435376
432;Химки г, Маяковского ул, 4;жилое;7/29/2021;8/11/2021;55.895479;37.445105
433;Химки г, Маяковского ул, 5;жилое;7/29/2021;8/11/2021;55.894253;37.446362
434;Химки г, Маяковского ул, 7;жилое;7/29/2021;8/11/2021;55.894131;37.445392
435;Химки г, Маяковского ул, 8/12;жилое;6/1/2021;6/15/2021;55.89448;37.444144
436;Химки г, Маяковского ул, 9/10;жилое;7/29/2021;8/11/2021;55.893844;37.444772
437;Химки г, Международный кв-л, Береговая ул, 1;жилое;7/5/2021;7/16/2021;55.951325;37.47421
438;Химки г, Международный кв-л, Береговая ул, 1 А;жилое;7/5/2021;7/16/2021;55.950761;37.473141
439;Химки г, Международный кв-л, Береговая ул, 10;жилое;7/5/2021;7/16/2021;55.949914;37.473348
440;Химки г, Международный кв-л, Береговая ул, 2;жилое;7/5/2021;7/16/2021;55.950403;37.474704
441;Химки г, Международный кв-л, Береговая ул, 3;жилое;7/5/2021;7/16/2021;55.951094;37.475692
442;Химки г, Международный кв-л, Береговая ул, 4;жилое;7/5/2021;7/16/2021;55.950842;37.477139
443;Химки г, Международный кв-л, Береговая ул, 5;жилое;7/5/2021;7/16/2021;55.950146;37.476249
444;Химки г, Международный кв-л, Береговая ул, 8;жилое;7/5/2021;7/16/2021;55.949713;37.474794
445;Химки г, Международный кв-л, Весенний б-р, 2;жилое;7/8/2021;7/21/2021;55.939948;37.475594
446;Химки г, Международный кв-л, Весенний б-р, 4;жилое;7/8/2021;7/21/2021;55.940528;37.474534
447;Химки г, Международный кв-л, Загородная ул, 1;жилое;7/8/2021;7/21/2021;55.938748;37.474075
448;Химки г, Международный кв-л, Загородная ул, 2;жилое;7/8/2021;7/21/2021;55.940064;37.474228
449;Химки г, Международный кв-л, Загородная ул, 3;жилое;7/8/2021;7/21/2021;55.939313;37.472953
450;Химки г, Международный кв-л, Загородная ул, 4;жилое;7/8/2021;7/21/2021;55.940301;37.472117
451;Химки г, Международный кв-л, Загородная ул, 5;жилое;7/8/2021;7/21/2021;55.940094;37.471354
452;Химки г, Международный кв-л, Шереметьевская ул, 2;жилое;7/8/2021;7/21/2021;55.938687;37.475118
453;Химки г, Мельникова пр-кт, 1;жилое;7/15/2021;7/29/2021;55.899038;37.406738
454;Химки г, Мельникова пр-кт, 10;жилое;7/15/2021;7/29/2021;55.902717;37.404591
455;Химки г, Мельникова пр-кт, 12;жилое;7/15/2021;7/29/2021;55.902984;37.408202
456;Химки г, Мельникова пр-кт, 13;жилое;7/15/2021;7/29/2021;55.902606;37.402246
457;Химки г, Мельникова пр-кт, 14;жилое;7/15/2021;7/29/2021;55.90356;37.40742
458;Химки г, Мельникова пр-кт, 15;жилое;7/15/2021;7/29/2021;55.902606;37.402246
459;Химки г, Мельникова пр-кт, 16;жилое;7/15/2021;7/29/2021;55.904175;37.406693
460;Химки г, Мельникова пр-кт, 17;жилое;7/15/2021;7/29/2021;55.903418;37.401114
461;Химки г, Мельникова пр-кт, 18;жилое;7/15/2021;7/29/2021;55.90474;37.406387
462;Химки г, Мельникова пр-кт, 19;жилое;7/15/2021;7/29/2021;55.903701;37.400333
463;Химки г, Мельникова пр-кт, 2 Б;жилое;7/15/2021;7/29/2021;55.901183;37.407537
464;Химки г, Мельникова пр-кт, 2/1;жилое;7/15/2021;7/29/2021;55.900128;37.409684
465;Химки г, Мельникова пр-кт, 21/1 (М.Рубцовой ул, 1/21  );жилое;7/15/2021;7/29/2021;55.904584;37.399902
466;Химки г, Мельникова пр-кт, 23 2;жилое;7/15/2021;7/29/2021;55.905366;37.398383
467;Химки г, Мельникова пр-кт, 25;жилое;7/15/2021;7/29/2021;55.906396;37.397243
468;Химки г, Мельникова пр-кт, 27;жилое;7/15/2021;7/29/2021;55.906799;37.396452
469;Химки г, Мельникова пр-кт, 29;жилое;7/15/2021;7/29/2021;55.906416;37.395581
470;Химки г, Мельникова пр-кт, 3;жилое;7/15/2021;7/29/2021;55.899527;37.406136
471;Химки г, Мельникова пр-кт, 31;жилое;7/15/2021;7/29/2021;55.906804;37.39479
472;Химки г, Мельникова пр-кт, 33;жилое;7/15/2021;7/29/2021;55.907803;37.395733
473;Химки г, Мельникова пр-кт, 35;жилое;7/15/2021;7/29/2021;55.908121;37.395275
474;Химки г, Мельникова пр-кт, 37;жилое;7/15/2021;7/29/2021;55.908454;37.394844
475;Химки г, Мельникова пр-кт, 4;жилое;7/15/2021;7/29/2021;55.901985;37.406136
476;Химки г, Мельникова пр-кт, 4 А;жилое;7/15/2021;7/29/2021;55.902182;37.406944
477;Химки г, Мельникова пр-кт, 5 1;жилое;7/15/2021;7/29/2021;55.90094;37.404591
478;Химки г, Мельникова пр-кт, 5 2;жилое;7/15/2021;7/29/2021;55.901223;37.404034
479;Химки г, Мельникова пр-кт, 6;жилое;7/15/2021;7/29/2021;55.902929;37.40689
480;Химки г, Мельникова пр-кт, 7;жилое;7/15/2021;7/29/2021;55.90094;37.404591
481;Химки г, Мельникова пр-кт, 8;жилое;7/15/2021;7/29/2021;55.903953;37.405624
482;Химки г, Мельникова пр-кт, 9;жилое;7/15/2021;7/29/2021;55.901889;37.402345
483;Химки г, Мира пр-кт, 1;жилое;8/17/2021;8/30/2021;55.898053;37.448842
484;Химки г, Мира пр-кт, 10;жилое;8/17/2021;8/30/2021;55.897513;37.45213
485;Химки г, Мира пр-кт, 11;жилое;8/17/2021;8/30/2021;55.899477;37.451995
486;Химки г, Мира пр-кт, 12;жилое;8/17/2021;8/30/2021;55.897831;37.452228
487;Химки г, Мира пр-кт, 13/7;жилое;8/17/2021;8/30/2021;55.900244;37.453172
488;Химки г, Мира пр-кт, 14;жилое;8/17/2021;8/30/2021;55.898487;37.45239
489;Химки г, Мира пр-кт, 14 А;жилое;8/17/2021;8/30/2021;55.8982;37.453226
490;Химки г, Мира пр-кт, 16;жилое;8/17/2021;8/30/2021;55.899174;37.453172
491;Химки г, Мира пр-кт, 17;жилое;8/17/2021;8/30/2021;55.901289;37.454591
492;Химки г, Мира пр-кт, 18/5;жилое;8/17/2021;8/30/2021;55.899885;37.453971
493;Химки г, Мира пр-кт, 21/6;жилое;8/17/2021;8/30/2021;55.902575;37.456235
494;Химки г, Мира пр-кт, 23;жилое;8/17/2021;8/30/2021;55.903252;37.45707
495;Химки г, Мира пр-кт, 3;жилое;8/17/2021;8/30/2021;55.897922;37.449336
496;Химки г, Мира пр-кт, 4;жилое;8/17/2021;8/30/2021;55.896585;37.45018
497;Химки г, Мира пр-кт, 5;жилое;8/17/2021;8/30/2021;55.898452;37.450081
498;Химки г, Мира пр-кт, 5 А;жилое;8/17/2021;8/30/2021;55.899053;37.449525
499;Химки г, Мира пр-кт, 6;жилое;8/17/2021;8/30/2021;55.896665;37.451177
500;Химки г, Мира пр-кт, 7;жилое;8/17/2021;8/30/2021;55.898568;37.451294
501;Химки г, Мира пр-кт, 8;жилое;8/17/2021;8/30/2021;55.897322;37.451052
502;Химки г, Мира пр-кт, 9;жилое;8/17/2021;8/30/2021;55.899022;37.450665
503;Химки г, Мичурина ул, 10;жилое;8/17/2021;8/31/2021;55.907607;37.459738
504;Химки г, Мичурина ул, 11;жилое;8/17/2021;8/31/2021;55.905598;37.459011
505;Химки г, Мичурина ул, 12;жилое;8/17/2021;8/31/2021;55.908757;37.459622
506;Химки г, Мичурина ул, 13;жилое;8/17/2021;8/31/2021;55.906401;37.45919
507;Химки г, Мичурина ул, 14;жилое;8/17/2021;8/31/2021;55.909317;37.459702
508;Химки г, Мичурина ул, 15;жилое;8/17/2021;8/31/2021;55.907193;37.45911
509;Химки г, Мичурина ул, 16;жилое;8/17/2021;8/31/2021;55.909882;37.459792
510;Химки г, Мичурина ул, 17;жилое;8/17/2021;8/31/2021;55.908616;37.458687
511;Химки г, Мичурина ул, 18;жилое;8/17/2021;8/31/2021;55.910442;37.459882
512;Химки г, Мичурина ул, 19;жилое;8/17/2021;8/31/2021;55.909564;37.458948
513;Химки г, Мичурина ул, 21;жилое;8/17/2021;8/31/2021;55.910301;37.459128
514;Химки г, Мичурина ул, 23;жилое;8/17/2021;8/31/2021;55.911033;37.458894
515;Химки г, Мичурина ул, 25;жилое;8/17/2021;8/31/2021;55.911477;37.45822
516;Химки г, Мичурина ул, 27;жилое;8/17/2021;8/31/2021;55.91183;37.457376
517;Химки г, Мичурина ул, 29;жилое;8/17/2021;8/31/2021;55.912203;37.456486
518;Химки г, Мичурина ул, 4;жилое;8/17/2021;8/31/2021;55.905699;37.460125
519;Химки г, Мичурина ул, 6;жилое;8/17/2021;8/31/2021;55.906507;37.459918
520;Химки г, Мичурина ул, 8;жилое;8/17/2021;8/31/2021;55.907102;37.460026
521;Химки г, Молодежная ул, 1;жилое;6/30/2021;7/14/2021;55.878637;37.421767
522;Химки г, Молодежная ул, 10;жилое;6/30/2021;7/14/2021;55.882419;37.417859
523;Химки г, Молодежная ул, 12/9;жилое;6/30/2021;7/14/2021;55.88308;37.416844
524;Химки г, Молодежная ул, 14/30;жилое;6/30/2021;7/14/2021;55.884423;37.413754
525;Химки г, Молодежная ул, 16/12;жилое;6/30/2021;7/14/2021;55.885317;37.410906
526;Химки г, Молодежная ул, 18;жилое;6/30/2021;7/14/2021;55.885923;37.410295
527;Химки г, Молодежная ул, 2;жилое;6/30/2021;7/14/2021;55.878758;37.423375
528;Химки г, Молодежная ул, 2 А;жилое;6/30/2021;7/14/2021;55.879319;37.424848
529;Химки г, Молодежная ул, 20;жилое;6/30/2021;7/14/2021;55.886024;37.409415
530;Химки г, Молодежная ул, 22;жилое;6/30/2021;7/14/2021;55.886428;37.409262
531;Химки г, Молодежная ул, 24;жилое;6/30/2021;7/14/2021;55.886655;37.407322
532;Химки г, Молодежная ул, 26;жилое;6/30/2021;7/14/2021;55.887448;37.409397
533;Химки г, Молодежная ул, 3;жилое;6/30/2021;7/14/2021;55.878697;37.419521
534;Химки г, Молодежная ул, 30;жилое;6/30/2021;7/14/2021;55.88721;37.406253
535;Химки г, Молодежная ул, 30 А;жилое;6/30/2021;7/14/2021;55.887902;37.407411
536;Химки г, Молодежная ул, 32;жилое;6/30/2021;7/14/2021;55.887534;37.406019
537;Химки г, Молодежная ул, 34;жилое;6/30/2021;7/14/2021;55.887872;37.405786
538;Химки г, Молодежная ул, 34 1;жилое;6/30/2021;7/14/2021;55.888407;37.40557
539;Химки г, Молодежная ул, 36;жилое;6/30/2021;7/14/2021;55.889447;37.405633
540;Химки г, Молодежная ул, 36 А;жилое;6/30/2021;7/14/2021;55.890078;37.407088
541;Химки г, Молодежная ул, 4;жилое;6/30/2021;7/14/2021;55.879536;37.421856
542;Химки г, Молодежная ул, 5;жилое;6/30/2021;7/14/2021;55.87949;37.420266
543;Химки г, Молодежная ул, 50;жилое;7/15/2021;7/29/2021;55.89927;37.401033
544;Химки г, Молодежная ул, 52;жилое;7/15/2021;7/29/2021;55.900824;37.40009
545;Химки г, Молодежная ул, 54;жилое;7/15/2021;7/29/2021;55.902358;37.399102
546;Химки г, Молодежная ул, 59;жилое;7/15/2021;7/29/2021;55.903782;37.393245
547;Химки г, Молодежная ул, 6;жилое;6/30/2021;7/14/2021;55.881182;37.419799
548;Химки г, Молодежная ул, 60;жилое;7/15/2021;7/29/2021;55.905043;37.393577
549;Химки г, Молодежная ул, 61;жилое;7/15/2021;7/29/2021;55.90358;37.392392
550;Химки г, Молодежная ул, 63 1;жилое;7/15/2021;7/29/2021;55.902888;37.391493
551;Химки г, Молодежная ул, 63 2;жилое;7/15/2021;7/29/2021;55.903292;37.391161
552;Химки г, Молодежная ул, 63 3;жилое;7/15/2021;7/29/2021;55.903711;37.390793
553;Химки г, Молодежная ул, 64;жилое;7/15/2021;7/29/2021;55.904922;37.390442
554;Химки г, Молодежная ул, 68;жилое;7/15/2021;7/29/2021;55.906794;37.393649
555;Химки г, Молодежная ул, 7 1;жилое;6/30/2021;7/14/2021;55.881131;37.417931
556;Химки г, Молодежная ул, 70;жилое;7/15/2021;7/29/2021;55.906628;37.390532
557;Химки г, Молодежная ул, 74;жилое;7/15/2021;7/29/2021;55.90853;37.393398
558;Химки г, Молодежная ул, 76;жилое;7/15/2021;7/29/2021;55.908227;37.390559
559;Химки г, Молодежная ул, 78;жилое;7/15/2021;7/29/2021;55.910165;37.391466
560;Химки г, Молодежная ул, 8;жилое;6/30/2021;7/14/2021;55.881798;37.41882
561;Химки г, Молодежный проезд, 6;жилое;7/15/2021;7/29/2021;55.899865;37.404977
562;Химки г, Молодежный проезд, 8;жилое;7/15/2021;7/29/2021;55.898821;37.404878
563;Химки г, Москвина ул, 10;жилое;8/17/2021;8/31/2021;55.904912;37.457196
564;Химки г, Москвина ул, 4;жилое;8/17/2021;8/31/2021;55.90579;37.454313
565;Химки г, Москвина ул, 6;жилое;8/17/2021;8/31/2021;55.905679;37.455759
566;Химки г, Москвина ул, 8;жилое;8/17/2021;8/31/2021;55.905462;37.457582
567;Химки г, Московская ул, 1;жилое;7/29/2021;8/11/2021;55.893526;37.451177
568;Химки г, Московская ул, 10;жилое;7/29/2021;8/11/2021;55.894121;37.448033
569;Химки г, Московская ул, 11;жилое;7/29/2021;8/11/2021;55.89086;37.446632
570;Химки г, Московская ул, 11 А;жилое;7/29/2021;8/11/2021;55.8903;37.447818
571;Химки г, Московская ул, 12;жилое;7/29/2021;8/11/2021;55.893879;37.448689
572;Химки г, Московская ул, 13/1;жилое;7/29/2021;8/11/2021;55.890128;37.445653
573;Химки г, Московская ул, 16;жилое;7/29/2021;8/11/2021;55.893642;37.449246
574;Химки г, Московская ул, 17/15;жилое;8/2/2021;8/16/2021;55.888119;37.444467
575;Химки г, Московская ул, 18;жилое;7/29/2021;8/11/2021;55.892809;37.448204
576;Химки г, Московская ул, 19/2;жилое;7/29/2021;8/11/2021;55.887417;37.44444
577;Химки г, Московская ул, 20/2;жилое;7/29/2021;8/11/2021;55.892304;37.447485
578;Химки г, Московская ул, 21;жилое;7/29/2021;8/11/2021;55.886281;37.444018
579;Химки г, Московская ул, 21 А;жилое;7/29/2021;8/11/2021;55.886786;37.443173
580;Химки г, Московская ул, 22/1;жилое;7/29/2021;8/11/2021;55.892062;37.44674
581;Химки г, Московская ул, 24;жилое;7/29/2021;8/11/2021;55.891451;37.446344
582;Химки г, Московская ул, 24 А;жилое;7/29/2021;8/11/2021;55.891668;37.445599
583;Химки г, Московская ул, 28/2;жилое;7/29/2021;8/11/2021;55.890457;37.445033
584;Химки г, Московская ул, 3;жилое;7/29/2021;8/11/2021;55.893475;37.45018
585;Химки г, Московская ул, 30;жилое;7/29/2021;8/11/2021;55.889664;37.443874
586;Химки г, Московская ул, 32;жилое;6/1/2021;6/15/2021;55.888619;37.44365
587;Химки г, Московская ул, 32 А;жилое;7/29/2021;8/11/2021;55.889507;37.442446
588;Химки г, Московская ул, 32 Б;жилое;7/29/2021;8/11/2021;55.888765;37.442832
589;Химки г, Московская ул, 34;жилое;6/1/2021;6/15/2021;55.887912;37.443102
590;Химки г, Московская ул, 36;жилое;6/1/2021;6/15/2021;55.887342;37.442661
591;Химки г, Московская ул, 5;жилое;7/29/2021;8/11/2021;55.892637;37.449237
592;Химки г, Московская ул, 7/1;жилое;7/29/2021;8/11/2021;55.892011;37.448222
593;Химки г, Московская ул, 8;жилое;7/29/2021;8/11/2021;55.894404;37.447449
594;Химки г, Московская ул, 9/2;жилое;7/29/2021;8/11/2021;55.891365;37.447638
595;Химки г, Нагорное ш, 1;жилое;6/30/2021;7/14/2021;55.894076;37.413951
596;Химки г, Нагорное ш, 1 А;жилое;6/30/2021;7/14/2021;55.893531;37.413682
597;Химки г, Новогорск мкр, 1;жилое;8/2/2021;8/16/2021;55.891784;37.347422
598;Химки г, Новогорск мкр, 2;жилое;8/2/2021;8/16/2021;55.891895;37.346605
599;Химки г, Новогорск мкр, 3;жилое;8/2/2021;8/16/2021;55.892925;37.345733
600;Химки г, Новогорск мкр, 4;жилое;8/2/2021;8/16/2021;55.892127;37.345571
601;Химки г, Новогорск мкр, 6;жилое;8/2/2021;8/16/2021;55.892774;37.347763
602;Химки г, Новогорск мкр, 6-й мкр, Соколовская 6 кв ул, 3;жилое;8/2/2021;8/16/2021;55.893006;37.345697
603;Химки г, Новогорск мкр, Заречная ул, 1;жилое;8/5/2021;8/15/2021;55.894581;37.371479
604;Химки г, Новогорск мкр, Заречная ул, 2 1;жилое;8/5/2021;8/15/2021;55.894253;37.371973
605;Химки г, Новогорск мкр, Заречная ул, 2 2;жилое;8/5/2021;8/15/2021;55.894318;37.372754
606;Химки г, Новогорск мкр, Заречная ул, 2 3;жилое;8/5/2021;8/15/2021;55.893899;37.373024
607;Химки г, Новогорск мкр, Заречная ул, 3 1;жилое;8/5/2021;8/15/2021;55.894162;37.373967
608;Химки г, Новогорск мкр, Заречная ул, 3 2;жилое;8/5/2021;8/15/2021;55.893707;37.374174
609;Химки г, Новогорск мкр, Заречная ул, 3 3;жилое;8/5/2021;8/15/2021;55.893435;37.374794
610;Химки г, Новогорск мкр, Заречная ул, 4 1;жилое;8/5/2021;8/15/2021;55.89239;37.37606
611;Химки г, Новогорск мкр, Заречная ул, 4 2;жилое;8/5/2021;8/15/2021;55.892683;37.375467
612;Химки г, Новогорск мкр, Заречная ул, 4 3;жилое;8/5/2021;8/15/2021;55.89294;37.374875
613;Химки г, Новогорск мкр, Заречная ул, 5 1;жилое;8/5/2021;8/15/2021;55.894702;37.373563
614;Химки г, Новогорск мкр, Заречная ул, 5 2;жилое;8/5/2021;8/15/2021;55.894581;37.374327
615;Химки г, Новогорск мкр, Заречная ул, 6 1;жилое;8/5/2021;8/15/2021;55.894248;37.374866
616;Химки г, Новогорск мкр, Заречная ул, 6 2;жилое;8/5/2021;8/15/2021;55.893894;37.375297
617;Химки г, Новогорск мкр, Заречная ул, 7 1;жилое;8/5/2021;8/15/2021;55.893516;37.37571
618;Химки г, Новогорск мкр, Заречная ул, 7 2;жилое;8/5/2021;8/15/2021;55.893142;37.376159
619;Химки г, Новогорск мкр, Заречная ул, 7 3;жилое;8/5/2021;8/15/2021;55.892769;37.376572
620;Химки г, Новогорск мкр, Олимпийская ул, 28;жилое;8/5/2021;8/15/2021;55.903055;37.359774
621;Химки г, Озерная ул, 10;жилое;7/19/2021;7/30/2021;55.923528;37.441071
622;Химки г, Озерная ул, 2;жилое;6/21/2021;7/2/2021;55.922792;37.445347
623;Химки г, Озерная ул, 4;жилое;6/7/2021;6/18/2021;55.92372;37.444665
624;Химки г, Озерная ул, 8;жилое;7/5/2021;7/16/2021;55.923599;37.442778
625;Химки г, Опанасенко ул, 5 1;жилое;8/17/2021;8/29/2021;55.904912;37.465559
626;Химки г, Опанасенко ул, 5 2;жилое;8/17/2021;8/29/2021;55.905164;37.46485
627;Химки г, Опанасенко ул, 5 3;жилое;8/17/2021;8/29/2021;55.905442;37.464194
628;Химки г, Осипенко ул, 4/6;жилое;8/2/2021;8/16/2021;55.886832;37.445159
629;Химки г, Павлова ул, 3;жилое;8/17/2021;8/29/2021;55.911663;37.455903
630;Химки г, Павлова ул, 5;жилое;8/17/2021;8/29/2021;55.911583;37.456882
631;Химки г, Павлова ул, 6;жилое;8/17/2021;8/29/2021;55.911098;37.456747
632;Химки г, Павлова ул, 6 А;жилое;8/17/2021;8/29/2021;55.910745;37.456639
633;Химки г, Павлова ул, 7;жилое;8/17/2021;8/29/2021;55.911018;37.458014
634;Химки г, Панфилова ул, 1;жилое;6/30/2021;7/14/2021;55.886736;37.426959
635;Химки г, Панфилова ул, 10;жилое;6/30/2021;7/14/2021;55.880637;37.430992
636;Химки г, Панфилова ул, 11;жилое;6/30/2021;7/14/2021;55.879925;37.430202
637;Химки г, Панфилова ул, 12;жилое;6/30/2021;7/14/2021;55.879596;37.42942
638;Химки г, Панфилова ул, 13;жилое;6/30/2021;7/14/2021;55.880147;37.428773
639;Химки г, Панфилова ул, 15;жилое;6/30/2021;7/14/2021;55.879157;37.427471
640;Химки г, Панфилова ул, 16;жилое;6/30/2021;7/14/2021;55.878697;37.426968
641;Химки г, Панфилова ул, 17;жилое;6/30/2021;7/14/2021;55.878485;37.425728
642;Химки г, Панфилова ул, 18;жилое;6/30/2021;7/14/2021;55.878354;37.42483
643;Химки г, Панфилова ул, 2;жилое;6/30/2021;7/14/2021;55.885433;37.426285
644;Химки г, Панфилова ул, 3;жилое;6/30/2021;7/14/2021;55.885559;37.427749
645;Химки г, Панфилова ул, 4;жилое;6/30/2021;7/14/2021;55.883934;37.427444
646;Химки г, Панфилова ул, 8;жилое;6/30/2021;7/14/2021;55.881667;37.430274
647;Химки г, Панфилова ул, 9;жилое;6/30/2021;7/14/2021;55.881263;37.430831
648;Химки г, Парковая ул, 12;жилое;6/1/2021;6/15/2021;55.898038;37.416664
649;Химки г, Парковая ул, 5;жилое;6/30/2021;7/14/2021;55.894702;37.41334
650;Химки г, Парковая ул, 6;жилое;6/30/2021;7/14/2021;55.894889;37.414355
651;Химки г, Парковая ул, 8;жилое;6/30/2021;7/14/2021;55.895479;37.415065
652;Химки г, Парковая ул, 9;жилое;6/30/2021;7/14/2021;55.896024;37.414311
653;Химки г, Первомайская ул, 14;жилое;6/1/2021;6/15/2021;55.894868;37.443155
654;Химки г, Первомайская ул, 16;жилое;6/1/2021;6/15/2021;55.895737;37.442374
655;Химки г, Первомайская ул, 3/1;жилое;7/29/2021;8/11/2021;55.892198;37.445689
656;Химки г, Первомайская ул, 4;жилое;7/29/2021;8/11/2021;55.892849;37.447063
657;Химки г, Первомайская ул, 5;жилое;7/29/2021;8/11/2021;55.892981;37.444934
658;Химки г, Планерная мкр, 1 1;жилое;9/3/2021;9/17/2021;55.923034;37.368128
659;Химки г, Планерная мкр, 1 2;жилое;9/3/2021;9/17/2021;55.922767;37.368011
660;Химки г, Планерная мкр, 11 1;жилое;6/10/2021;6/23/2021;55.919876;37.370625
661;Химки г, Планерная мкр, 11 2;жилое;6/10/2021;6/23/2021;55.919185;37.370185
662;Химки г, Планерная мкр, 15;жилое;6/10/2021;6/23/2021;55.92079;37.368505
663;Химки г, Планерная мкр, 16;жилое;6/10/2021;6/23/2021;55.92025;37.367302
664;Химки г, Планерная мкр, 17;жилое;6/10/2021;6/23/2021;55.920346;37.37147
665;Химки г, Планерная мкр, 18;жилое;6/10/2021;6/23/2021;55.921218;37.369817
666;Химки г, Планерная мкр, 19;жилое;6/10/2021;6/23/2021;55.920275;37.373311
667;Химки г, Планерная мкр, 20;жилое;6/10/2021;6/23/2021;55.920563;37.374336
668;Химки г, Планерная мкр, 21;жилое;6/10/2021;6/23/2021;55.921581;37.373114
669;Химки г, Планерная мкр, 6;жилое;6/10/2021;6/23/2021;55.921657;37.370545
670;Химки г, Планерная мкр, 7;жилое;6/10/2021;6/23/2021;55.922121;37.3697
671;Химки г, Планерная мкр, 8;жилое;6/10/2021;6/23/2021;55.922565;37.368838
672;Химки г, Планерная мкр, 9;жилое;6/10/2021;6/23/2021;55.921783;37.368487
673;Химки г, Победы ул, 1/13;жилое;8/17/2021;8/29/2021;55.899103;37.45628
674;Химки г, Победы ул, 10;жилое;8/17/2021;8/29/2021;55.901642;37.452282
675;Химки г, Победы ул, 2/15;жилое;8/17/2021;8/29/2021;55.899699;37.457295
676;Химки г, Победы ул, 3;жилое;8/17/2021;8/29/2021;55.899623;37.455337
677;Химки г, Победы ул, 4;жилое;8/17/2021;8/29/2021;55.900128;37.4561
678;Химки г, Победы ул, 6/20;жилое;8/17/2021;8/29/2021;55.900824;37.455076
679;Химки г, Победы ул, 8/15;жилое;8/17/2021;8/29/2021;55.901092;37.453675
680;Химки г, Победы ул, 9;жилое;8/17/2021;8/29/2021;55.900829;37.452633
681;Химки г, Подрезково мкр, Жаринова ул, 1;жилое;7/1/2021;7/15/2021;55.953014;37.330704
682;Химки г, Подрезково мкр, Жаринова ул, 10;жилое;7/1/2021;7/15/2021;55.950635;37.335196
683;Химки г, Подрезково мкр, Жаринова ул, 11;жилое;7/1/2021;7/15/2021;55.95069;37.333893
684;Химки г, Подрезково мкр, Жаринова ул, 12;жилое;7/1/2021;7/15/2021;55.951144;37.334747
685;Химки г, Подрезково мкр, Жаринова ул, 13;жилое;7/1/2021;7/15/2021;55.951693;37.334423
686;Химки г, Подрезково мкр, Жаринова ул, 14;жилое;7/1/2021;7/15/2021;55.951038;37.336139
687;Химки г, Подрезково мкр, Жаринова ул, 15;жилое;7/1/2021;7/15/2021;55.951739;37.335394
688;Химки г, Подрезково мкр, Жаринова ул, 3;жилое;7/1/2021;7/15/2021;55.95194;37.331755
689;Химки г, Подрезково мкр, Жаринова ул, 5;жилое;7/1/2021;7/15/2021;55.95186;37.332681
690;Химки г, Подрезково мкр, Жаринова ул, 6;жилое;7/1/2021;7/15/2021;55.949657;37.333139
691;Химки г, Подрезково мкр, Жаринова ул, 8;жилое;7/1/2021;7/15/2021;55.950141;37.334531
692;Химки г, Подрезково мкр, Жаринова ул, 9;жилое;7/1/2021;7/15/2021;55.950484;37.333309
693;Химки г, Подрезково мкр, Железнодорожная ул, 1;жилое;8/12/2021;8/26/2021;55.939091;37.349353
694;Химки г, Подрезково мкр, Железнодорожная ул, 2;жилое;8/12/2021;8/26/2021;55.93838;37.351231
695;Химки г, Подрезково мкр, Железнодорожная ул, 2 А;жилое;8/12/2021;8/26/2021;55.938304;37.352435
696;Химки г, Подрезково мкр, Лесная 1-я ул, 10 1;жилое;7/6/2021;7/16/2021;55.950564;37.328045
697;Химки г, Подрезково мкр, Лесная 1-я ул, 10 2;жилое;7/6/2021;7/16/2021;55.951416;37.328387
698;Химки г, Подрезково мкр, Лесная 1-я ул, 2;жилое;7/6/2021;7/16/2021;55.946169;37.33224
699;Химки г, Подрезково мкр, Лесная 1-я ул, 4;жилое;7/6/2021;7/16/2021;55.947364;37.331333
700;Химки г, Подрезково мкр, Лесная 1-я ул, 6;жилое;7/6/2021;7/16/2021;55.948493;37.331405
701;Химки г, Подрезково мкр, Лесная 1-я ул, 8;жилое;7/6/2021;7/16/2021;55.949753;37.329177
702;Химки г, Подрезково мкр, Мира ул, 1;жилое;7/1/2021;7/15/2021;55.952112;37.327408
703;Химки г, Подрезково мкр, Мира ул, 2;жилое;7/1/2021;7/15/2021;55.952848;37.327767
704;Химки г, Подрезково мкр, Мира ул, 3;жилое;7/1/2021;7/15/2021;55.953422;37.328548
705;Химки г, Подрезково мкр, Мира ул, 4;жилое;7/1/2021;7/15/2021;55.952853;37.329941
706;Химки г, Подрезково мкр, Московская ул, 1;жилое;8/12/2021;8/26/2021;55.943356;37.345814
707;Химки г, Подрезково мкр, Московская ул, 2;жилое;8/12/2021;8/26/2021;55.943139;37.34691
708;Химки г, Подрезково мкр, Московская ул, 3;жилое;8/12/2021;8/26/2021;55.942393;37.346856
709;Химки г, Подрезково мкр, Новозаводская ул, 1;жилое;8/12/2021;8/26/2021;55.940704;37.344143
710;Химки г, Подрезково мкр, Новозаводская ул, 10;жилое;8/12/2021;8/26/2021;55.942151;37.348383
711;Химки г, Подрезково мкр, Новозаводская ул, 11;жилое;8/12/2021;8/26/2021;55.941556;37.347099
712;Химки г, Подрезково мкр, Новозаводская ул, 12;жилое;8/12/2021;8/26/2021;55.940664;37.348769
713;Химки г, Подрезково мкр, Новозаводская ул, 2;жилое;8/12/2021;8/26/2021;55.940351;37.345473
714;Химки г, Подрезково мкр, Новозаводская ул, 3;жилое;8/12/2021;8/26/2021;55.940734;37.345086
715;Химки г, Подрезково мкр, Новозаводская ул, 4;жилое;8/12/2021;8/26/2021;55.941118;37.345428
716;Химки г, Подрезково мкр, Новозаводская ул, 5;жилое;8/12/2021;8/26/2021;55.940583;37.346389
717;Химки г, Подрезково мкр, Новозаводская ул, 5 А;жилое;8/12/2021;8/26/2021;55.939862;37.34717
718;Химки г, Подрезково мкр, Новозаводская ул, 6;жилое;8/12/2021;8/26/2021;55.939807;37.348266
719;Химки г, Подрезково мкр, Новозаводская ул, 7;жилое;8/12/2021;8/26/2021;55.940553;37.349982
720;Химки г, Подрезково мкр, Новозаводская ул, 8;жилое;8/12/2021;8/26/2021;55.941284;37.349946
721;Химки г, Подрезково мкр, Новозаводская ул, 9;жилое;8/12/2021;8/26/2021;55.941541;37.348931
722;Химки г, Подрезково мкр, Северная ул, 1;жилое;7/1/2021;7/15/2021;55.952787;37.332133
723;Химки г, Подрезково мкр, Северная ул, 2;жилое;7/1/2021;7/15/2021;55.953357;37.334208
724;Химки г, Подрезково мкр, Советская ул, 1;жилое;7/1/2021;7/15/2021;55.948689;37.32792
725;Химки г, Подрезково мкр, Советская ул, 2;жилое;7/1/2021;7/15/2021;55.948694;37.329258
726;Химки г, Подрезково мкр, Советская ул, 7;жилое;7/1/2021;7/15/2021;55.948145;37.332537
727;Химки г, Подрезково мкр, Тепличный пр-д, 4;жилое;7/1/2021;7/15/2021;55.954843;37.327659
728;Химки г, Подрезково мкр, Тепличный пр-д, 5;жилое;7/1/2021;7/15/2021;55.95501;37.328486
729;Химки г, Подрезково мкр, Тепличный пр-д, 6;жилое;7/1/2021;7/15/2021;55.954853;37.329384
730;Химки г, Подрезково мкр, Тепличный пр-д, 7;жилое;7/1/2021;7/15/2021;55.954012;37.326913
731;Химки г, Подрезково мкр, Тепличный пр-д, 8;жилое;7/1/2021;7/15/2021;55.954022;37.328045
732;Химки г, Подрезково мкр, Центральная ул, 1;жилое;7/1/2021;7/15/2021;55.949803;37.332411
733;Химки г, Подрезково мкр, Центральная ул, 3;жилое;7/1/2021;7/15/2021;55.950811;37.331243
734;Химки г, Подрезково мкр, Центральная ул, 4 1;жилое;7/6/2021;7/16/2021;55.949057;37.333327
735;Химки г, Подрезково мкр, Центральная ул, 4 А;жилое;7/6/2021;7/16/2021;55.947822;37.333822
736;Химки г, Подрезково мкр, Центральная ул, 4 Б;жилое;7/6/2021;7/16/2021;55.947258;37.333723
737;Химки г, Подрезково мкр, Центральная ул, 4 Г;жилое;7/6/2021;7/16/2021;55.94752;37.33295
738;Химки г, Подрезково мкр, Центральная ул, 4 Д;жилое;7/6/2021;7/16/2021;55.946723;37.333435
739;Химки г, Подрезково мкр, Центральная ул, 5;жилое;7/1/2021;7/15/2021;55.951325;37.330686
740;Химки г, Подрезково мкр, Центральная ул, 6 1;жилое;7/6/2021;7/16/2021;55.94945;37.331719
741;Химки г, Подрезково мкр, Центральная ул, 6 2;жилое;7/6/2021;7/16/2021;55.948997;37.330974
742;Химки г, Подрезково мкр, Центральная ул, 7;жилое;7/1/2021;7/15/2021;55.950348;37.331872
743;Химки г, Подрезково мкр, Школьная ул, 1;жилое;8/12/2021;8/25/2021;55.942791;37.345131
744;Химки г, Подрезково мкр, Школьная ул, 1/2;жилое;8/12/2021;8/25/2021;55.942312;37.345068
745;Химки г, Пролетарская ул, 1;жилое;7/29/2021;8/11/2021;55.890179;37.443676
746;Химки г, Пролетарская ул, 11;жилое;6/1/2021;6/15/2021;55.891683;37.440667
747;Химки г, Пролетарская ул, 12/15;жилое;6/1/2021;6/15/2021;55.893283;37.439598
748;Химки г, Пролетарская ул, 15/18;жилое;6/1/2021;6/15/2021;55.892683;37.439365
749;Химки г, Пролетарская ул, 17;жилое;7/29/2021;8/11/2021;55.893102;37.438862
750;Химки г, Пролетарская ул, 25;жилое;6/1/2021;6/15/2021;55.894904;37.437164
751;Химки г, Пролетарская ул, 3;жилое;7/29/2021;8/11/2021;55.890043;37.442661
752;Химки г, Пролетарская ул, 4;жилое;7/29/2021;8/11/2021;55.890871;37.443578
753;Химки г, Пролетарская ул, 5;жилое;6/1/2021;6/15/2021;55.890457;37.442185
754;Химки г, Пролетарская ул, 5 А;жилое;6/1/2021;6/15/2021;55.890219;37.441062
755;Химки г, Пролетарская ул, 6;жилое;6/1/2021;6/15/2021;55.891729;37.441889
756;Химки г, Пролетарская ул, 7;жилое;6/1/2021;6/15/2021;55.890855;37.441521
757;Химки г, Пролетарская ул, 9;жилое;6/1/2021;6/15/2021;55.891108;37.441026
758;Химки г, Р.Люксембург ул, 1;жилое;7/29/2021;8/11/2021;55.891582;37.44338
759;Химки г, Р.Люксембург ул, 11/13;жилое;6/1/2021;6/15/2021;55.893571;37.440613
760;Химки г, Р.Люксембург ул, 2;жилое;7/29/2021;8/11/2021;55.891966;37.443676
761;Химки г, Р.Люксембург ул, 4;жилое;7/29/2021;8/11/2021;55.892516;37.442823
762;Химки г, Р.Люксембург ул, 5;жилое;7/29/2021;8/11/2021;55.892289;37.442257
763;Химки г, Родионова ул, 1;жилое;7/15/2021;7/29/2021;55.904392;37.403118
764;Химки г, Родионова ул, 10;жилое;7/15/2021;7/29/2021;55.906517;37.408058
765;Химки г, Родионова ул, 11;жилое;7/15/2021;7/29/2021;55.905255;37.408157
766;Химки г, Родионова ул, 12;жилое;7/15/2021;7/29/2021;55.906264;37.408786
767;Химки г, Родионова ул, 13/18;жилое;7/15/2021;7/29/2021;55.905573;37.409208
768;Химки г, Родионова ул, 2;жилое;7/15/2021;7/29/2021;55.903893;37.403989
769;Химки г, Родионова ул, 2 А;жилое;7/15/2021;7/29/2021;55.904261;37.404546
770;Химки г, Родионова ул, 3;жилое;7/15/2021;7/29/2021;55.905028;37.403809
771;Химки г, Родионова ул, 4;жилое;7/15/2021;7/29/2021;55.905063;37.40548
772;Химки г, Родионова ул, 5;жилое;7/15/2021;7/29/2021;55.906017;37.404465
773;Химки г, Родионова ул, 6;жилое;7/15/2021;7/29/2021;55.905634;37.406154
774;Химки г, Родионова ул, 7;жилое;7/15/2021;7/29/2021;55.906809;37.405471
775;Химки г, Родионова ул, 7 А;жилое;7/15/2021;7/29/2021;55.907258;37.406387
776;Химки г, Родионова ул, 7 Б;жилое;7/15/2021;7/29/2021;55.907546;37.405965
777;Химки г, Родионова ул, 8;жилое;7/15/2021;7/29/2021;55.906204;37.406864
778;Химки г, Родионова ул, 9;жилое;7/15/2021;7/29/2021;55.903928;37.408139
779;Химки г, Родионова ул, 9 А;жилое;7/15/2021;7/29/2021;55.904856;37.407492
780;Химки г, Союзная ул, 1;жилое;6/1/2021;6/15/2021;55.896297;37.443452
781;Химки г, Союзная ул, 3;жилое;6/1/2021;6/15/2021;55.896958;37.442949
782;Химки г, Союзная ул, 5;жилое;6/1/2021;6/15/2021;55.896761;37.44206
783;Химки г, Союзная ул, 5/2;жилое;6/1/2021;6/15/2021;55.896388;37.441503
784;Химки г, Союзная ул, 5/3;жилое;6/1/2021;6/15/2021;55.896665;37.440173
785;Химки г, Спартаковская ул, 1;жилое;8/2/2021;8/16/2021;55.886398;37.448959
786;Химки г, Спартаковская ул, 11;жилое;8/2/2021;8/16/2021;55.8846;37.445141
787;Химки г, Спартаковская ул, 12;жилое;8/2/2021;8/16/2021;55.885711;37.446039
788;Химки г, Спартаковская ул, 16;жилое;8/2/2021;8/16/2021;55.884999;37.44462
789;Химки г, Спартаковская ул, 16 А;жилое;8/2/2021;8/16/2021;55.885433;37.443973
790;Химки г, Спартаковская ул, 18;жилое;8/2/2021;8/16/2021;55.884494;37.44382
791;Химки г, Спартаковская ул, 3/8;жилое;8/2/2021;8/16/2021;55.885979;37.448231
792;Химки г, Станиславского ул, 10;жилое;8/17/2021;8/30/2021;55.908121;37.45716
793;Химки г, Станиславского ул, 4;жилое;8/17/2021;8/30/2021;55.908343;37.454798
794;Химки г, Строителей ул, 10;жилое;6/30/2021;7/14/2021;55.885438;37.412334
795;Химки г, Строителей ул, 3;жилое;6/15/2021;6/29/2021;55.886554;37.415487
796;Химки г, Строителей ул, 3 А;жилое;6/15/2021;6/29/2021;55.8861;37.415371
797;Химки г, Строителей ул, 4;жилое;6/30/2021;7/14/2021;55.886867;37.413493
798;Химки г, Строителей ул, 4 А;жилое;6/30/2021;7/14/2021;55.886216;37.413269
799;Химки г, Строителей ул, 4 В;жилое;6/30/2021;7/14/2021;55.886695;37.412289
800;Химки г, Строителей ул, 5;жилое;6/15/2021;6/29/2021;55.885458;37.414625
801;Химки г, Строителей ул, 5 А;жилое;6/15/2021;6/29/2021;55.886191;37.416781
802;Химки г, Строителей ул, 6;жилое;6/30/2021;7/14/2021;55.887337;37.411786
803;Химки г, Строителей ул, 6 А;жилое;6/30/2021;7/14/2021;55.887539;37.410942
804;Химки г, Строителей ул, 6 Б;жилое;6/30/2021;7/14/2021;55.887826;37.410295
805;Химки г, Строителей ул, 7;жилое;6/15/2021;6/29/2021;55.885342;37.413565
806;Химки г, Строителей ул, 7 А;жилое;6/15/2021;6/29/2021;55.885878;37.414625
807;Химки г, Строителей ул, 8;жилое;6/30/2021;7/14/2021;55.886307;37.411562
808;Химки г, Сходня мкр, 7 Гвардейской Дивизии ул, 4 1;жилое;6/1/2021;6/14/2021;55.952701;37.306513
809;Химки г, Сходня мкр, 7 Гвардейской Дивизии ул, 4 2;жилое;6/1/2021;6/14/2021;55.952454;37.305875
810;Химки г, Сходня мкр, Банный пер, 3;жилое;6/1/2021;6/14/2021;55.954178;37.305758
811;Химки г, Сходня мкр, Больничный проезд, 1;жилое;8/17/2021;8/31/2021;55.9438;37.302632
812;Химки г, Сходня мкр, Вишневая ул, 10;жилое;8/17/2021;8/31/2021;55.948916;37.293694
813;Химки г, Сходня мкр, Вишневая ул, 12;жилое;8/17/2021;8/31/2021;55.949733;37.29329
814;Химки г, Сходня мкр, Вишневая ул, 14;жилое;8/17/2021;8/31/2021;55.949561;37.291646
815;Химки г, Сходня мкр, Вишневая ул, 15;жилое;8/17/2021;8/31/2021;55.948447;37.292382
816;Химки г, Сходня мкр, Вишневая ул, 19;жилое;8/17/2021;8/31/2021;55.948155;37.291412
817;Химки г, Сходня мкр, Горная ул, 24;жилое;6/1/2021;6/14/2021;55.95695;37.319125
818;Химки г, Сходня мкр, Горная ул, 26;жилое;6/1/2021;6/14/2021;55.957217;37.320455
819;Химки г, Сходня мкр, Горная ул, 28;жилое;6/1/2021;6/14/2021;55.956799;37.321676
820;Химки г, Сходня мкр, Горная ул, 31;жилое;6/1/2021;6/14/2021;55.957267;37.323257
821;Химки г, Сходня мкр, Дачный 1-й пер, 11;жилое;8/17/2021;8/31/2021;55.947606;37.290262
822;Химки г, Сходня мкр, Дачный 2-й пер, 17;жилое;8/17/2021;8/31/2021;55.947268;37.288295
823;Химки г, Сходня мкр, Железнодорожная ул, 33 1;жилое;6/15/2021;6/28/2021;55.947313;37.315801
824;Химки г, Сходня мкр, Железнодорожная ул, 33 2;жилое;6/15/2021;6/28/2021;55.947212;37.316861
825;Химки г, Сходня мкр, Железнодорожная ул, 33 3;жилое;6/15/2021;6/28/2021;55.946955;37.317697
826;Химки г, Сходня мкр, Ленина ул, 33;жилое;6/1/2021;6/14/2021;55.952545;37.301347
827;Химки г, Сходня мкр, Микояна ул, 1/53;жилое;6/1/2021;6/14/2021;55.959974;37.305956
828;Химки г, Сходня мкр, Микояна ул, 10 1;жилое;7/12/2021;7/25/2021;55.960795;37.302327
829;Химки г, Сходня мкр, Микояна ул, 10 2;жилое;7/12/2021;7/25/2021;55.960815;37.303315
830;Химки г, Сходня мкр, Микояна ул, 10 3;жилое;7/12/2021;7/25/2021;55.961107;37.302345
831;Химки г, Сходня мкр, Микояна ул, 10 4;жилое;7/12/2021;7/25/2021;55.961475;37.302264
832;Химки г, Сходня мкр, Микояна ул, 10 5;жилое;7/12/2021;7/25/2021;55.961989;37.302138
833;Химки г, Сходня мкр, Микояна ул, 10 7;жилое;7/12/2021;7/25/2021;55.961178;37.30344
834;Химки г, Сходня мкр, Микояна ул, 10 8;жилое;7/12/2021;7/25/2021;55.961586;37.303503
835;Химки г, Сходня мкр, Микояна ул, 23 1;жилое;6/1/2021;6/10/2021;55.956496;37.285636
836;Химки г, Сходня мкр, Микояна ул, 23 2;жилое;6/1/2021;6/10/2021;55.95567;37.285789
837;Химки г, Сходня мкр, Микояна ул, 25/17;жилое;8/17/2021;8/31/2021;55.956305;37.286229
838;Химки г, Сходня мкр, Микояна ул, 3;жилое;6/1/2021;6/14/2021;55.959948;37.305084
839;Химки г, Сходня мкр, Микояна ул, 3 А;жилое;6/1/2021;6/14/2021;55.960089;37.304429
840;Химки г, Сходня мкр, Микояна ул, 46;жилое;8/17/2021;8/31/2021;55.957983;37.290172
841;Химки г, Сходня мкр, Микояна ул, 48;жилое;8/17/2021;8/31/2021;55.957671;37.290505
842;Химки г, Сходня мкр, Микояна ул, 5;жилое;6/1/2021;6/14/2021;55.960377;37.303503
843;Химки г, Сходня мкр, Мичурина ул, 14;жилое;8/17/2021;8/31/2021;55.945937;37.299434
844;Химки г, Сходня мкр, Мичурина ул, 15;жилое;8/17/2021;8/31/2021;55.946436;37.300575
845;Химки г, Сходня мкр, Мичурина ул, 17;жилое;8/17/2021;8/31/2021;55.945509;37.300494
846;Химки г, Сходня мкр, Мичурина ул, 24;жилое;6/15/2021;6/29/2021;55.944601;37.298769
847;Химки г, Сходня мкр, Мичурина ул, 26;жилое;6/15/2021;6/29/2021;55.943966;37.298949
848;Химки г, Сходня мкр, Мичурина ул, 28;жилое;6/15/2021;6/29/2021;55.943043;37.298733
849;Химки г, Сходня мкр, Мичурина ул, 29;жилое;6/15/2021;6/29/2021;55.941279;37.302129
850;Химки г, Сходня мкр, Мичурина ул, 31;жилое;6/15/2021;6/29/2021;55.940886;37.30097
851;Химки г, Сходня мкр, Мичурина ул, 33;жилое;6/15/2021;6/29/2021;55.941234;37.299856
852;Химки г, Сходня мкр, Мичурина ул, 35;жилое;6/15/2021;6/29/2021;55.941304;37.299191
853;Химки г, Сходня мкр, Мичурина ул, 37;жилое;6/15/2021;6/29/2021;55.941355;37.29841
854;Химки г, Сходня мкр, Мичурина ул, 39;жилое;6/15/2021;6/29/2021;55.94138;37.297215
855;Химки г, Сходня мкр, Мичурина ул, 4;жилое;8/17/2021;8/31/2021;55.947984;37.300512
856;Химки г, Сходня мкр, Мичурина ул, 6;жилое;8/17/2021;8/31/2021;55.947227;37.299964
857;Химки г, Сходня мкр, Мичуринский 2-й туп, 1;жилое;8/17/2021;8/31/2021;55.94695;37.301105
858;Химки г, Сходня мкр, Мичуринский 2-й туп, 16;жилое;8/17/2021;8/31/2021;55.944964;37.304078
859;Химки г, Сходня мкр, Мичуринский 2-й туп, 4;жилое;8/17/2021;8/31/2021;55.946234;37.301922
860;Химки г, Сходня мкр, Мичуринский 2-й туп, 6;жилое;8/17/2021;8/31/2021;55.946028;37.303126
861;Химки г, Сходня мкр, Мичуринский 2-й туп, 7 1;жилое;8/17/2021;8/31/2021;55.946265;37.304977
862;Химки г, Сходня мкр, Мичуринский 2-й туп, 8;жилое;8/17/2021;8/31/2021;55.945831;37.304348
863;Химки г, Сходня мкр, Мичуринский 3-й туп, 5;жилое;8/17/2021;8/31/2021;55.94508;37.302147
864;Химки г, Сходня мкр, Мичуринский 3-й туп, 8;жилое;8/17/2021;8/31/2021;55.94445;37.301545
865;Химки г, Сходня мкр, Некрасова ул, 6;жилое;8/17/2021;8/31/2021;55.947066;37.289624
866;Химки г, Сходня мкр, Новая ул, 1;жилое;6/15/2021;6/29/2021;55.943522;37.297754
867;Химки г, Сходня мкр, Овражная ул, 24 1;жилое;6/28/2021;7/8/2021;55.943669;37.318182
868;Химки г, Сходня мкр, Овражная ул, 24 10;жилое;6/28/2021;7/8/2021;55.941778;37.318496
869;Химки г, Сходня мкр, Овражная ул, 24 11;жилое;6/28/2021;7/8/2021;55.941712;37.319547
870;Химки г, Сходня мкр, Овражная ул, 24 12;жилое;6/28/2021;7/8/2021;55.942398;37.319664
871;Химки г, Сходня мкр, Овражная ул, 24 13;жилое;6/28/2021;7/8/2021;55.943059;37.320068
872;Химки г, Сходня мкр, Овражная ул, 24 14;жилое;6/28/2021;7/8/2021;55.942867;37.320742
873;Химки г, Сходня мкр, Овражная ул, 24 15;жилое;6/28/2021;7/8/2021;55.942353;37.320553
874;Химки г, Сходня мкр, Овражная ул, 24 16;жилое;6/28/2021;7/8/2021;55.942383;37.321101
875;Химки г, Сходня мкр, Овражная ул, 24 17;жилое;6/28/2021;7/8/2021;55.942746;37.321254
876;Химки г, Сходня мкр, Овражная ул, 24 2;жилое;6/28/2021;7/8/2021;55.943366;37.317975
877;Химки г, Сходня мкр, Овражная ул, 24 3;жилое;6/28/2021;7/8/2021;55.942998;37.317831
878;Химки г, Сходня мкр, Овражная ул, 24 4;жилое;6/28/2021;7/8/2021;55.942706;37.317706
879;Химки г, Сходня мкр, Овражная ул, 24 5;жилое;6/28/2021;7/8/2021;55.942675;37.318254
880;Химки г, Сходня мкр, Овражная ул, 24 6;жилое;6/28/2021;7/8/2021;55.94329;37.318532
881;Химки г, Сходня мкр, Овражная ул, 24 7;жилое;6/28/2021;7/8/2021;55.943548;37.318694
882;Химки г, Сходня мкр, Овражная ул, 24 8;жилое;6/28/2021;7/8/2021;55.943215;37.318936
883;Химки г, Сходня мкр, Овражная ул, 24 9;жилое;6/28/2021;7/8/2021;55.942519;37.318748
884;Химки г, Сходня мкр, Овражная ул, 4;жилое;6/1/2021;6/11/2021;55.945458;37.310816
885;Химки г, Сходня мкр, Октябрьская ул, 1;жилое;8/17/2021;8/31/2021;55.948397;37.299578
886;Химки г, Сходня мкр, Октябрьская ул, 11;жилое;8/17/2021;8/31/2021;55.949894;37.294188
887;Химки г, Сходня мкр, Октябрьская ул, 31;жилое;8/17/2021;8/31/2021;55.951966;37.283642
888;Химки г, Сходня мкр, Октябрьская ул, 32;жилое;8/17/2021;8/31/2021;55.951688;37.283462
889;Химки г, Сходня мкр, Октябрьская ул, 36;жилое;8/17/2021;8/31/2021;55.950932;37.282483
890;Химки г, Сходня мкр, Октябрьская ул, 5;жилое;8/17/2021;8/31/2021;55.949561;37.296973
891;Химки г, Сходня мкр, Папанина ул, 38 1;жилое;8/17/2021;8/31/2021;55.957015;37.292176
892;Химки г, Сходня мкр, Папанина ул, 38 2;жилое;8/17/2021;8/31/2021;55.957792;37.29205
893;Химки г, Сходня мкр, Папанина ул, 38 3;жилое;8/17/2021;8/31/2021;55.957479;37.292822
894;Химки г, Сходня мкр, Папанина ул, 38 4;жилое;8/17/2021;8/31/2021;55.958104;37.292391
895;Химки г, Сходня мкр, Папанина ул, 38 5;жилое;8/17/2021;8/31/2021;55.957897;37.293065
896;Химки г, Сходня мкр, Первомайская ул, 11;жилое;6/1/2021;6/14/2021;55.951976;37.302668
897;Химки г, Сходня мкр, Первомайская ул, 13;жилое;6/1/2021;6/14/2021;55.952238;37.302758
898;Химки г, Сходня мкр, Первомайская ул, 15;жилое;6/1/2021;6/14/2021;55.95258;37.302937
899;Химки г, Сходня мкр, Первомайская ул, 17;жилое;6/1/2021;6/14/2021;55.95313;37.303117
900;Химки г, Сходня мкр, Первомайская ул, 19;жилое;6/1/2021;6/14/2021;55.953861;37.303432
901;Химки г, Сходня мкр, Первомайская ул, 21;жилое;6/1/2021;6/14/2021;55.953513;37.303288
902;Химки г, Сходня мкр, Первомайская ул, 22;жилое;6/1/2021;6/14/2021;55.953054;37.303979
903;Химки г, Сходня мкр, Первомайская ул, 24;жилое;6/1/2021;6/14/2021;55.953432;37.304114
904;Химки г, Сходня мкр, Первомайская ул, 25;жилое;6/1/2021;6/14/2021;55.955322;37.303135
905;Химки г, Сходня мкр, Первомайская ул, 25/2;жилое;6/1/2021;6/14/2021;55.955015;37.30238
906;Химки г, Сходня мкр, Первомайская ул, 26;жилое;6/1/2021;6/14/2021;55.954128;37.304258
907;Химки г, Сходня мкр, Первомайская ул, 27;жилое;6/1/2021;6/14/2021;55.955917;37.30433
908;Химки г, Сходня мкр, Первомайская ул, 27 А;жилое;6/1/2021;6/14/2021;55.956053;37.303378
909;Химки г, Сходня мкр, Первомайская ул, 28;жилое;6/1/2021;6/14/2021;55.954949;37.30486
910;Химки г, Сходня мкр, Первомайская ул, 28/1;жилое;6/1/2021;6/14/2021;55.955362;37.305372
911;Химки г, Сходня мкр, Первомайская ул, 28/2;жилое;6/1/2021;6/14/2021;55.954838;37.306117
912;Химки г, Сходня мкр, Первомайская ул, 30;жилое;6/1/2021;6/14/2021;55.956204;37.305417
913;Химки г, Сходня мкр, Первомайская ул, 36;жилое;6/1/2021;6/14/2021;55.957071;37.306055
914;Химки г, Сходня мкр, Первомайская ул, 37 1;жилое;6/1/2021;6/14/2021;55.957676;37.303773
915;Химки г, Сходня мкр, Первомайская ул, 37 2;жилое;6/1/2021;6/14/2021;55.957454;37.304743
916;Химки г, Сходня мкр, Первомайская ул, 46;жилое;6/1/2021;6/14/2021;55.958129;37.306261
917;Химки г, Сходня мкр, Первомайская ул, 47;жилое;6/1/2021;6/14/2021;55.958734;37.305453
918;Химки г, Сходня мкр, Первомайская ул, 48;жилое;6/1/2021;6/14/2021;55.958447;37.306405
919;Химки г, Сходня мкр, Первомайская ул, 49;жилое;6/1/2021;6/14/2021;55.959399;37.304716
920;Химки г, Сходня мкр, Первомайская ул, 51;жилое;6/1/2021;6/14/2021;55.9595;37.306001
921;Химки г, Сходня мкр, Первомайская ул, 55;жилое;6/1/2021;6/14/2021;55.960306;37.306549
922;Химки г, Сходня мкр, Первомайская ул, 59;жилое;6/1/2021;6/14/2021;55.961465;37.307654
923;Химки г, Сходня мкр, Первомайский 1-й туп, 2;жилое;6/1/2021;6/14/2021;55.953699;37.302174
924;Химки г, Сходня мкр, Первомайский 1-й туп, 2 А;жилое;6/1/2021;6/14/2021;55.954113;37.302443
925;Химки г, Сходня мкр, Тюкова ул, 10;жилое;6/15/2021;6/29/2021;55.943381;37.296326
926;Химки г, Сходня мкр, Тюкова ул, 12;жилое;6/15/2021;6/29/2021;55.942575;37.2962
927;Химки г, Сходня мкр, Тюкова ул, 14;жилое;6/15/2021;6/29/2021;55.941813;37.296083
928;Химки г, Сходня мкр, Фрунзе ул, 36;жилое;6/1/2021;6/14/2021;55.958855;37.302533
929;Химки г, Сходня мкр, Фрунзе ул, 38;жилое;6/1/2021;6/14/2021;55.959389;37.302452
930;Химки г, Сходня мкр, Фрунзе ул, 42;жилое;6/1/2021;6/14/2021;55.959782;37.303081
931;Химки г, Сходня мкр, Фрунзе ул, 42 А;жилое;6/1/2021;6/14/2021;55.959449;37.30371
932;Химки г, Сходня мкр, Фрунзе ул, 44;жилое;6/1/2021;6/14/2021;55.96015;37.302973
933;Химки г, Сходня мкр, Чапаева ул, 10;жилое;8/17/2021;8/31/2021;55.947338;37.296245
934;Химки г, Сходня мкр, Чапаева ул, 17;жилое;8/17/2021;8/31/2021;55.945534;37.296353
935;Химки г, Сходня мкр, Чапаева ул, 20;жилое;6/15/2021;6/29/2021;55.945786;37.295239
936;Химки г, Сходня мкр, Чапаева ул, 21;жилое;6/15/2021;6/29/2021;55.944258;37.29523
937;Химки г, Сходня мкр, Чапаева ул, 22/1 (Чапаевский 1-й пер, 1/22);жилое;6/15/2021;6/29/2021;55.94512;37.294583
938;Химки г, Сходня мкр, Чапаева ул, 26;жилое;6/15/2021;6/29/2021;55.943931;37.293002
939;Химки г, Сходня мкр, Чапаева ул, 28;жилое;6/15/2021;6/29/2021;55.943306;37.292077
940;Химки г, Сходня мкр, Чапаева ул, 3;жилое;8/17/2021;8/31/2021;55.948462;37.298329
941;Химки г, Сходня мкр, Чапаева ул, 30;жилое;6/15/2021;6/29/2021;55.942645;37.291295
942;Химки г, Сходня мкр, Чапаева ул, 5;жилое;8/17/2021;8/31/2021;55.947873;37.297934
943;Химки г, Сходня мкр, Чапаева ул, 7;жилое;8/17/2021;8/31/2021;55.946809;37.298446
944;Химки г, Сходня мкр, Чапаевский 2-й пер, 10;жилое;8/17/2021;8/31/2021;55.946698;37.290945
945;Химки г, Сходня мкр, Чапаевский 2-й пер, 4;жилое;8/17/2021;8/31/2021;55.946582;37.293074
946;Химки г, Сходня мкр, Чапаевский 2-й пер, 6;жилое;8/17/2021;8/31/2021;55.9457;37.293119
947;Химки г, Сходня мкр, Чапаевский 2-й пер, 8;жилое;8/17/2021;8/31/2021;55.945766;37.291771
948;Химки г, Сходня мкр, Юбилейный проезд, 10;жилое;8/17/2021;8/31/2021;55.944178;37.304788
949;Химки г, Сходня мкр, Юбилейный проезд, 12;жилое;8/17/2021;8/31/2021;55.944752;37.303045
950;Химки г, Сходня мкр, Юбилейный проезд, 14;жилое;8/17/2021;8/31/2021;55.943618;37.304051
951;Химки г, Сходня мкр, Юбилейный проезд, 16;жилое;6/1/2021;6/14/2021;55.941773;37.302336
952;Химки г, Сходня мкр, Юбилейный проезд, 6;жилое;8/17/2021;8/31/2021;55.945277;37.3053
953;Химки г, Транспортный проезд, 15;жилое;7/19/2021;8/2/2021;55.916739;37.408094
954;Химки г, Фирсановка мкр, Маяковского ул, 1;жилое;6/1/2021;6/14/2021;55.95823;37.258049
955;Химки г, Фирсановка мкр, Московская ул, 2 А;жилое;6/1/2021;6/14/2021;55.959681;37.266286
956;Химки г, Фирсановка мкр, Речная ул, 10;жилое;6/1/2021;6/14/2021;55.96279;37.267957
957;Химки г, Фирсановка мкр, Речная ул, 12 А;жилое;6/1/2021;6/14/2021;55.962906;37.26881
958;Химки г, Фирсановка мкр, Речная ул, 14;жилое;6/1/2021;6/14/2021;55.963375;37.268676
959;Химки г, Фирсановка мкр, Речная ул, 16;жилое;6/1/2021;6/14/2021;55.963375;37.268676
960;Химки г, Фирсановка мкр, Речная ул, 2;жилое;6/1/2021;6/14/2021;55.960261;37.265693
961;Химки г, Фирсановка мкр, Речная ул, 2 А;жилое;6/1/2021;6/14/2021;55.960316;37.266529
962;Химки г, Фирсановка мкр, Речная ул, 4;жилое;6/1/2021;6/14/2021;55.96151;37.26678
963;Химки г, Фирсановка мкр, Речная ул, 6;жилое;6/1/2021;6/14/2021;55.962029;37.267409
964;Химки г, Фирсановка мкр, Речная ул, 8;жилое;6/1/2021;6/14/2021;55.962402;37.267634
965;Химки г, Чапаева ул, 11;жилое;7/21/2021;8/3/2021;55.887604;37.451438
966;Химки г, Чапаева ул, 3;жилое;7/21/2021;8/3/2021;55.889432;37.447036
967;Химки г, Чапаева ул, 5;жилое;7/21/2021;8/3/2021;55.888947;37.448141
968;Химки г, Чапаева ул, 5 А;жилое;7/21/2021;8/3/2021;55.889593;37.448725
969;Химки г, Чапаева ул, 7;жилое;7/21/2021;8/3/2021;55.888281;37.44965
970;Химки г, Чапаева ул, 9;жилое;7/21/2021;8/3/2021;55.887826;37.451115
971;Химки г, Чернышевского ул, 1;жилое;8/17/2021;8/29/2021;55.906229;37.455408
972;Химки г, Чернышевского ул, 3;жилое;8/17/2021;8/29/2021;55.907642;37.455795
973;Химки г, Чкалова ул, 10/6;жилое;8/17/2021;8/29/2021;55.90312;37.45398
974;Химки г, Чкалова ул, 3;жилое;8/17/2021;8/29/2021;55.900759;37.458544
975;Химки г, Чкалова ул, 4;жилое;8/17/2021;8/29/2021;55.901268;37.458768
976;Химки г, Чкалова ул, 8;жилое;8/17/2021;8/29/2021;55.902621;37.455265
977;Химки г, Чкалова ул, 9/19;жилое;8/17/2021;8/29/2021;55.901894;37.455112
978;Химки г, Энгельса ул, 1;жилое;6/1/2021;6/15/2021;55.895792;37.444638
979;Химки г, Энгельса ул, 10/19;жилое;6/1/2021;6/15/2021;55.89349;37.438116
980;Химки г, Энгельса ул, 14 А;жилое;6/1/2021;6/15/2021;55.894576;37.436337
981;Химки г, Энгельса ул, 16;жилое;6/1/2021;6/15/2021;55.894343;37.435735
982;Химки г, Энгельса ул, 19;жилое;6/1/2021;6/15/2021;55.89289;37.438026
983;Химки г, Энгельса ул, 2;жилое;6/1/2021;6/15/2021;55.896055;37.444027
984;Химки г, Энгельса ул, 20;жилое;6/1/2021;6/15/2021;55.894147;37.434262
985;Химки г, Энгельса ул, 21;жилое;6/1/2021;6/15/2021;55.892446;37.436867
986;Химки г, Энгельса ул, 23;жилое;6/1/2021;6/15/2021;55.892011;37.435762
987;Химки г, Энгельса ул, 24;жилое;6/1/2021;6/15/2021;55.893435;37.433517
988;Химки г, Энгельса ул, 25;жилое;6/1/2021;6/15/2021;55.893379;37.436715
989;Химки г, Энгельса ул, 26;жилое;6/1/2021;6/15/2021;55.893183;37.432942
990;Химки г, Энгельса ул, 27;жилое;6/1/2021;6/15/2021;55.892925;37.436086
991;Химки г, Энгельса ул, 3;жилое;7/29/2021;8/11/2021;55.895464;37.44382
992;Химки г, Энгельса ул, 4;жилое;6/1/2021;6/15/2021;55.895656;37.443281
993;Химки г, Энгельса ул, 5;жилое;6/1/2021;6/15/2021;55.895181;37.443191
994;Химки г, Энгельса ул, 6;жилое;6/1/2021;6/15/2021;55.895343;37.442679
995;Химки г, Юбилейный пр-кт, 1 1;жилое;6/15/2021;6/29/2021;55.886191;37.425602
996;Химки г, Юбилейный пр-кт, 1 2;жилое;6/15/2021;6/29/2021;55.885559;37.424713
997;Химки г, Юбилейный пр-кт, 1 3;жилое;6/15/2021;6/29/2021;55.886186;37.424444
998;Химки г, Юбилейный пр-кт, 10;жилое;6/15/2021;6/29/2021;55.887917;37.425548
999;Химки г, Юбилейный пр-кт, 12;жилое;6/15/2021;6/29/2021;55.889184;37.427147
1000;Химки г, Юбилейный пр-кт, 14;жилое;6/15/2021;6/29/2021;55.88922;37.426357
1001;Химки г, Юбилейный пр-кт, 16;жилое;6/15/2021;6/29/2021;55.88921;37.425611
1002;Химки г, Юбилейный пр-кт, 18;жилое;6/15/2021;6/29/2021;55.887397;37.424974
1003;Химки г, Юбилейный пр-кт, 20;жилое;6/15/2021;6/29/2021;55.887604;37.423779
1004;Химки г, Юбилейный пр-кт, 22;жилое;6/15/2021;6/29/2021;55.887109;37.422997
1005;Химки г, Юбилейный пр-кт, 24;жилое;6/15/2021;6/29/2021;55.888907;37.424722
1006;Химки г, Юбилейный пр-кт, 26;жилое;6/15/2021;6/29/2021;55.888609;37.423833
1007;Химки г, Юбилейный пр-кт, 28;жилое;6/15/2021;6/29/2021;55.888594;37.422988
1008;Химки г, Юбилейный пр-кт, 3;жилое;6/15/2021;6/29/2021;55.886074;37.421892
1009;Химки г, Юбилейный пр-кт, 30;жилое;6/15/2021;6/29/2021;55.888871;37.422144
1010;Химки г, Юбилейный пр-кт, 32;жилое;6/15/2021;6/29/2021;55.887963;37.422557
1011;Химки г, Юбилейный пр-кт, 33/2;жилое;6/15/2021;6/29/2021;55.887725;37.414338
1012;Химки г, Юбилейный пр-кт, 35;жилое;6/15/2021;6/29/2021;55.888881;37.412891
1013;Химки г, Юбилейный пр-кт, 38;жилое;6/15/2021;6/29/2021;55.887887;37.420572
1014;Химки г, Юбилейный пр-кт, 4;жилое;6/15/2021;6/29/2021;55.888821;37.42907
1015;Химки г, Юбилейный пр-кт, 40;жилое;6/15/2021;6/29/2021;55.887246;37.418991
1016;Химки г, Юбилейный пр-кт, 41 А;жилое;6/15/2021;6/29/2021;55.890487;37.410789
1017;Химки г, Юбилейный пр-кт, 41/1;жилое;6/15/2021;6/29/2021;55.891042;37.41043
1018;Химки г, Юбилейный пр-кт, 42;жилое;6/15/2021;6/29/2021;55.887882;37.419808
1019;Химки г, Юбилейный пр-кт, 43;жилое;6/15/2021;6/29/2021;55.887604;37.412936
1020;Химки г, Юбилейный пр-кт, 44;жилое;6/15/2021;6/29/2021;55.888033;37.419081
1021;Химки г, Юбилейный пр-кт, 45;жилое;6/15/2021;6/29/2021;55.887927;37.41228
1022;Химки г, Юбилейный пр-кт, 46;жилое;6/15/2021;6/29/2021;55.888255;37.418461
1023;Химки г, Юбилейный пр-кт, 47;жилое;6/15/2021;6/29/2021;55.888165;37.411625
1024;Химки г, Юбилейный пр-кт, 48;жилое;6/15/2021;6/29/2021;55.888457;37.419736
1025;Химки г, Юбилейный пр-кт, 49;жилое;6/15/2021;6/29/2021;55.889361;37.410699
1026;Химки г, Юбилейный пр-кт, 5;жилое;6/15/2021;6/29/2021;55.88618;37.420778
1027;Химки г, Юбилейный пр-кт, 50;жилое;6/15/2021;6/29/2021;55.887841;37.416691
1028;Химки г, Юбилейный пр-кт, 51;жилое;6/15/2021;6/29/2021;55.889901;37.411238
1029;Химки г, Юбилейный пр-кт, 52;жилое;6/15/2021;6/29/2021;55.888412;37.417688
1030;Химки г, Юбилейный пр-кт, 54;жилое;6/15/2021;6/29/2021;55.888634;37.417059
1031;Химки г, Юбилейный пр-кт, 56;жилое;6/15/2021;6/29/2021;55.888972;37.417886
1032;Химки г, Юбилейный пр-кт, 58;жилое;6/15/2021;6/29/2021;55.888876;37.416395
1033;Химки г, Юбилейный пр-кт, 6;жилое;6/15/2021;6/29/2021;55.888422;37.427884
1034;Химки г, Юбилейный пр-кт, 60;жилое;6/30/2021;7/14/2021;55.889048;37.414248
1035;Химки г, Юбилейный пр-кт, 62;жилое;6/15/2021;6/29/2021;55.889154;37.415784
1036;Химки г, Юбилейный пр-кт, 64;жилое;6/30/2021;7/14/2021;55.889477;37.415263
1037;Химки г, Юбилейный пр-кт, 66;жилое;6/30/2021;7/14/2021;55.89287;37.411589
1038;Химки г, Юбилейный пр-кт, 66 А;жилое;6/30/2021;7/14/2021;55.892481;37.412658
1039;Химки г, Юбилейный пр-кт, 66 Д;жилое;6/30/2021;7/14/2021;55.892481;37.414023
1040;Химки г, Юбилейный пр-кт, 68;жилое;6/30/2021;7/14/2021;55.893425;37.411436
1041;Химки г, Юбилейный пр-кт, 68 А;жилое;6/30/2021;7/14/2021;55.89401;37.411292
1042;Химки г, Юбилейный пр-кт, 7;жилое;6/15/2021;6/29/2021;55.886428;37.418416
1043;Химки г, Юбилейный пр-кт, 70;жилое;6/30/2021;7/14/2021;55.894631;37.411445
1044;Химки г, Юбилейный пр-кт, 72;жилое;6/30/2021;7/14/2021;55.894808;37.41228
1045;Химки г, Юбилейный пр-кт, 74;жилое;6/30/2021;7/14/2021;55.89558;37.410834
1046;Химки г, Юбилейный пр-кт, 76;жилое;6/30/2021;7/14/2021;55.895706;37.411777
1047;Химки г, Юбилейный пр-кт, 78;жилое;6/30/2021;7/14/2021;55.896832;37.410457
1048;Химки г, Юбилейный пр-кт, 8;жилое;6/15/2021;6/29/2021;55.887937;37.427058
1049;Химки г, Юбилейный пр-кт, 80;жилое;6/30/2021;7/14/2021;55.896433;37.412631
1050;Химки г, Юбилейный пр-кт, 82;жилое;6/30/2021;7/14/2021;55.896933;37.411777
1051;Химки г, Юбилейный пр-кт, 82 А;жилое;6/30/2021;7/14/2021;55.897286;37.412936
1052;Химки г, Юбилейный пр-кт, 84;жилое;6/30/2021;7/14/2021;55.897584;37.411355
1053;Химки г, Юбилейный пр-кт, 86;жилое;6/30/2021;7/14/2021;55.897751;37.410044
1054;Химки г, Юбилейный пр-кт, 88;жилое;6/30/2021;7/14/2021;55.89818;37.41034
1055;Химки г, Юбилейный пр-кт, 9/1;жилое;6/15/2021;6/29/2021;55.886978;37.416395
1056;Химки г, Юннатов ул, 1;жилое;7/21/2021;8/3/2021;55.89764;37.460574
1057;Химки г, Юннатов ул, 10;жилое;7/21/2021;8/3/2021;55.89663;37.4607
1058;Химки г, Юннатов ул, 11;жилое;7/21/2021;8/3/2021;55.897104;37.461221
1059;Химки г, Юннатов ул, 12 1;жилое;7/21/2021;8/3/2021;55.897271;37.462173
1060;Химки г, Юннатов ул, 12 2;жилое;7/21/2021;8/3/2021;55.897629;37.462406
1061;Химки г, Юннатов ул, 12 3;жилое;7/21/2021;8/3/2021;55.898043;37.462694
1062;Химки г, Юннатов ул, 12 4;жилое;7/21/2021;8/3/2021;55.898457;37.463197
1063;Химки г, Юннатов ул, 12 5;жилое;7/21/2021;8/3/2021;55.898684;37.463619
1064;Химки г, Юннатов ул, 12 6;жилое;7/21/2021;8/3/2021;55.898846;37.464086
1065;Химки г, Юннатов ул, 14;жилое;7/21/2021;8/3/2021;55.89769;37.461939
1066;Химки г, Юннатов ул, 15;жилое;7/21/2021;8/3/2021;55.898164;37.46229
1067;Химки г, Юннатов ул, 16;жилое;7/21/2021;8/3/2021;55.898649;37.462856
1068;Химки г, Юннатов ул, 17;жилое;7/21/2021;8/3/2021;55.898972;37.463538
1069;Химки г, Юннатов ул, 19;жилое;7/21/2021;8/3/2021;55.899224;37.46441
1070;Химки г, Юннатов ул, 2;жилое;7/21/2021;8/3/2021;55.897957;37.460933
1071;Химки г, Юннатов ул, 21 1;жилое;7/21/2021;8/3/2021;55.900032;37.464311
1072;Химки г, Юннатов ул, 21 10;жилое;7/21/2021;8/3/2021;55.901521;37.465946
1073;Химки г, Юннатов ул, 21 11;жилое;7/21/2021;8/3/2021;55.901278;37.466368
1074;Химки г, Юннатов ул, 21 12;жилое;7/21/2021;8/3/2021;55.901753;37.466054
1075;Химки г, Юннатов ул, 21 13;жилое;7/21/2021;8/3/2021;55.901712;37.46661
1076;Химки г, Юннатов ул, 21 14;жилое;7/21/2021;8/3/2021;55.901955;37.466188
1077;Химки г, Юннатов ул, 21 15;жилое;7/21/2021;8/3/2021;55.902101;37.466575
1078;Химки г, Юннатов ул, 21 16;жилое;7/21/2021;8/3/2021;55.902086;37.465829
1079;Химки г, Юннатов ул, 21 17;жилое;7/21/2021;8/3/2021;55.902333;37.466494
1080;Химки г, Юннатов ул, 21 18;жилое;7/21/2021;8/3/2021;55.902303;37.465856
1081;Химки г, Юннатов ул, 21 19;жилое;7/21/2021;8/3/2021;55.90249;37.466107
1082;Химки г, Юннатов ул, 21 2;жилое;7/21/2021;8/3/2021;55.899855;37.464733
1083;Химки г, Юннатов ул, 21 3;жилое;7/21/2021;8/3/2021;55.899623;37.465065
1084;Химки г, Юннатов ул, 21 4;жилое;7/21/2021;8/3/2021;55.900118;37.464688
1085;Химки г, Юннатов ул, 21 5;жилое;7/21/2021;8/3/2021;55.900037;37.465128
1086;Химки г, Юннатов ул, 21 6;жилое;7/21/2021;8/3/2021;55.900365;37.46467
1087;Химки г, Юннатов ул, 21 7;жилое;7/21/2021;8/3/2021;55.900395;37.465083
1088;Химки г, Юннатов ул, 21 8;жилое;7/21/2021;8/3/2021;55.900708;37.465281
1089;Химки г, Юннатов ул, 21 9;жилое;7/21/2021;8/3/2021;55.90093;37.465667
1090;Химки г, Юннатов ул, 3;жилое;7/21/2021;8/3/2021;55.898624;37.461715
1091;Химки г, Юннатов ул, 4;жилое;7/21/2021;8/3/2021;55.899113;37.46229
1092;Химки г, Юннатов ул, 5;жилое;7/21/2021;8/3/2021;55.899583;37.462847