График отключения ГВС в МКД для выполнения плановых профилактических работ в период подготовки к ОЗП 2021 г.,,,,
,,,,
,,,,
№ п/п,Адрес,Тип потребителя,Дата отключения ГВС,Дата включения ГВС
1,"Химки г, 8 Марта ул, 1",жилое,8/17/2021,8/29/2021
2,"Химки г, 8 Марта ул, 2",жилое,8/17/2021,8/29/2021
3,"Химки г, 8 Марта ул, 2 А",жилое,8/17/2021,8/29/2021
4,"Химки г, 8 Марта ул, 3",жилое,8/17/2021,8/29/2021
5,"Химки г, 8 Марта ул, 4",жилое,8/17/2021,8/29/2021
6,"Химки г, 8 Марта ул, 6",жилое,8/17/2021,8/29/2021
7,"Химки г, 8 Марта ул, 7",жилое,8/17/2021,8/29/2021
8,"Химки г, 8 Марта ул, 8",жилое,8/17/2021,8/29/2021
9,"Химки г, 8 Марта ул, 9",жилое,8/17/2021,8/29/2021
10,"Химки г, 9 Мая ул, 1",жилое,6/15/2021,6/29/2021
11,"Химки г, 9 Мая ул, 10",жилое,7/15/2021,7/29/2021
12,"Химки г, 9 Мая ул, 10 Б",жилое,7/15/2021,7/29/2021
13,"Химки г, 9 Мая ул, 10 В",жилое,7/15/2021,7/29/2021
14,"Химки г, 9 Мая ул, 12",жилое,7/15/2021,7/29/2021
15,"Химки г, 9 Мая ул, 12 А",жилое,7/15/2021,7/29/2021
16,"Химки г, 9 Мая ул, 12 Б",жилое,7/15/2021,7/29/2021
17,"Химки г, 9 Мая ул, 12 Д",жилое,7/15/2021,7/29/2021
18,"Химки г, 9 Мая ул, 13",жилое,7/15/2021,7/29/2021
19,"Химки г, 9 Мая ул, 14",жилое,7/15/2021,7/29/2021
20,"Химки г, 9 Мая ул, 16",жилое,7/15/2021,7/29/2021
21,"Химки г, 9 Мая ул, 17",жилое,7/15/2021,7/29/2021
22,"Химки г, 9 Мая ул, 18 А",жилое,7/15/2021,7/29/2021
23,"Химки г, 9 Мая ул, 18 Б",жилое,7/15/2021,7/29/2021
24,"Химки г, 9 Мая ул, 2",жилое,6/15/2021,6/29/2021
25,"Химки г, 9 Мая ул, 21 1",жилое,7/15/2021,7/29/2021
26,"Химки г, 9 Мая ул, 21 2",жилое,7/15/2021,7/29/2021
27,"Химки г, 9 Мая ул, 21 3",жилое,7/15/2021,7/29/2021
28,"Химки г, 9 Мая ул, 3",жилое,6/15/2021,6/29/2021
29,"Химки г, 9 Мая ул, 4 А 1",жилое,6/1/2021,6/15/2021
30,"Химки г, 9 Мая ул, 4 А 2",жилое,6/1/2021,6/15/2021
31,"Химки г, 9 Мая ул, 4 А 3",жилое,6/1/2021,6/15/2021
32,"Химки г, 9 Мая ул, 4 А 4",жилое,6/1/2021,6/15/2021
33,"Химки г, 9 Мая ул, 4/1",жилое,6/1/2021,6/15/2021
34,"Химки г, 9 Мая ул, 6",жилое,6/1/2021,6/15/2021
35,"Химки г, 9 Мая ул, 7",жилое,6/1/2021,6/15/2021
36,"Химки г, 9 Мая ул, 8",жилое,7/15/2021,7/29/2021
37,"Химки г, 9 Мая ул, 8 А",жилое,7/15/2021,7/29/2021
38,"Химки г, 9 Мая ул, 9",жилое,7/15/2021,7/29/2021
39,"Химки г, Академика Глушко ул, 2",жилое,8/17/2021,8/29/2021
40,"Химки г, Академика Грушина ул, 10",жилое,8/17/2021,8/29/2021
41,"Химки г, Академика Грушина ул, 14",жилое,8/17/2021,8/29/2021
42,"Химки г, Академика Грушина ул, 16/2",жилое,8/17/2021,8/29/2021
43,"Химки г, Академика Грушина ул, 2/10",жилое,8/17/2021,8/29/2021
44,"Химки г, Академика Грушина ул, 28/1",жилое,8/17/2021,8/29/2021
45,"Химки г, Академика Грушина ул, 30",жилое,8/17/2021,8/29/2021
46,"Химки г, Академика Грушина ул, 4",жилое,8/17/2021,8/29/2021
47,"Химки г, Академика Грушина ул, 8",жилое,8/17/2021,8/29/2021
48,"Химки г, Аптечная ул, 2 А",жилое,7/29/2021,8/11/2021
49,"Химки г, Аптечная ул, 3",жилое,7/29/2021,8/11/2021
50,"Химки г, Аптечная ул, 4",жилое,7/29/2021,8/11/2021
51,"Химки г, Аптечная ул, 5",жилое,7/29/2021,8/11/2021
52,"Химки г, Аптечная ул, 6",жилое,7/29/2021,8/11/2021
53,"Химки г, Аптечная ул, 7",жилое,7/29/2021,8/11/2021
54,"Химки г, Аптечная ул, 8",жилое,7/29/2021,8/11/2021
55,"Химки г, Бабакина ул, 1/6",жилое,6/30/2021,7/14/2021
56,"Химки г, Бабакина ул, 13",жилое,6/30/2021,7/14/2021
57,"Химки г, Бабакина ул, 15",жилое,6/30/2021,7/14/2021
58,"Химки г, Бабакина ул, 2 А",жилое,6/30/2021,7/14/2021
59,"Химки г, Бабакина ул, 2 Б",жилое,6/30/2021,7/14/2021
60,"Химки г, Бабакина ул, 3",жилое,6/30/2021,7/14/2021
61,"Химки г, Бабакина ул, 4",жилое,6/30/2021,7/14/2021
62,"Химки г, Бабакина ул, 5",жилое,6/30/2021,7/14/2021
63,"Химки г, Бабакина ул, 6",жилое,6/30/2021,7/14/2021
64,"Химки г, Бабакина ул, 7",жилое,6/30/2021,7/14/2021
65,"Химки г, Бабакина ул, 8",жилое,6/30/2021,7/14/2021
66,"Химки г, Бабакина ул, 9",жилое,6/30/2021,7/14/2021
67,"Химки г, Березовая Аллея ул, 3",жилое,8/17/2021,8/29/2021
68,"Химки г, Бурденко ул, 2",жилое,8/17/2021,8/29/2021
69,"Химки г, Бурденко ул, 4/13",жилое,8/17/2021,8/29/2021
70,"Химки г, Бурденко ул, 8/5",жилое,8/17/2021,8/29/2021
71,"Химки г, Ватутина ул, 1",жилое,7/29/2021,8/11/2021
72,"Химки г, Ватутина ул, 11",жилое,7/29/2021,8/11/2021
73,"Химки г, Ватутина ул, 13",жилое,7/29/2021,8/11/2021
74,"Химки г, Ватутина ул, 3",жилое,7/29/2021,8/11/2021
75,"Химки г, Ватутина ул, 4 1",жилое,7/29/2021,8/11/2021
76,"Химки г, Ватутина ул, 4 2",жилое,7/29/2021,8/11/2021
77,"Химки г, Ватутина ул, 5",жилое,7/29/2021,8/11/2021
78,"Химки г, Ватутина ул, 9",жилое,7/29/2021,8/11/2021
79,"Химки г, Вашутинское ш, 10",жилое,6/28/2021,7/7/2021
80,"Химки г, Германа Титова ул, 1",жилое,7/19/2021,8/2/2021
81,"Химки г, Германа Титова ул, 10",жилое,6/28/2021,7/7/2021
82,"Химки г, Германа Титова ул, 10 А",жилое,6/28/2021,7/7/2021
83,"Химки г, Германа Титова ул, 12 1",жилое,6/28/2021,7/7/2021
84,"Химки г, Германа Титова ул, 12 2",жилое,6/28/2021,7/7/2021
85,"Химки г, Германа Титова ул, 14 1",жилое,6/28/2021,7/7/2021
86,"Химки г, Германа Титова ул, 14 2",жилое,6/28/2021,7/7/2021
87,"Химки г, Германа Титова ул, 2 1",жилое,6/28/2021,7/7/2021
88,"Химки г, Германа Титова ул, 2 2",жилое,6/28/2021,7/7/2021
89,"Химки г, Германа Титова ул, 2 3",жилое,6/28/2021,7/7/2021
90,"Химки г, Германа Титова ул, 3 1",жилое,7/19/2021,8/2/2021
91,"Химки г, Германа Титова ул, 3 2",жилое,7/19/2021,8/2/2021
92,"Химки г, Германа Титова ул, 4",жилое,6/28/2021,7/7/2021
93,"Химки г, Германа Титова ул, 5 2",жилое,7/19/2021,8/2/2021
94,"Химки г, Германа Титова ул, 6",жилое,6/28/2021,7/7/2021
95,"Химки г, Германа Титова ул, 8",жилое,6/28/2021,7/7/2021
96,"Химки г, Гоголя ул, 12",жилое,8/17/2021,8/29/2021
97,"Химки г, Гоголя ул, 12 А",жилое,8/17/2021,8/29/2021
98,"Химки г, Гоголя ул, 14",жилое,8/17/2021,8/29/2021
99,"Химки г, Гоголя ул, 14 А",жилое,8/17/2021,8/29/2021
100,"Химки г, Гоголя ул, 15",жилое,8/17/2021,8/29/2021
101,"Химки г, Гоголя ул, 17",жилое,8/17/2021,8/29/2021
102,"Химки г, Гоголя ул, 19",жилое,8/17/2021,8/29/2021
103,"Химки г, Гоголя ул, 21",жилое,8/17/2021,8/29/2021
104,"Химки г, Гоголя ул, 5 А",жилое,8/17/2021,8/29/2021
105,"Химки г, Гоголя ул, 7",жилое,8/17/2021,8/29/2021
106,"Химки г, Гоголя ул, 8/2",жилое,8/17/2021,8/29/2021
107,"Химки г, Гоголя ул, 9",жилое,8/17/2021,8/29/2021
108,"Химки г, Горшина ул, 1",жилое,6/1/2021,6/15/2021
109,"Химки г, Горшина ул, 10",жилое,6/1/2021,6/15/2021
110,"Химки г, Горшина ул, 2",жилое,6/1/2021,6/15/2021
111,"Химки г, Горшина ул, 3 1",жилое,6/1/2021,6/15/2021
112,"Химки г, Горшина ул, 3 2",жилое,6/1/2021,6/15/2021
113,"Химки г, Горшина ул, 5",жилое,6/1/2021,6/15/2021
114,"Химки г, Горшина ул, 6 1",жилое,6/1/2021,6/15/2021
115,"Химки г, Горшина ул, 6 2",жилое,6/1/2021,6/15/2021
116,"Химки г, Горшина ул, 8",жилое,6/1/2021,6/15/2021
117,"Химки г, Горшина ул, 9 1",жилое,6/1/2021,6/15/2021
118,"Химки г, Горшина ул, 9 2",жилое,6/1/2021,6/15/2021
119,"Химки г, Дружбы ул, 1 Б",жилое,7/15/2021,7/29/2021
120,"Химки г, Дружбы ул, 10",жилое,6/1/2021,6/15/2021
121,"Химки г, Дружбы ул, 12",жилое,6/1/2021,6/15/2021
122,"Химки г, Дружбы ул, 14",жилое,6/1/2021,6/15/2021
123,"Химки г, Дружбы ул, 4",жилое,6/30/2021,7/14/2021
124,"Химки г, Дружбы ул, 5",жилое,7/15/2021,7/29/2021
125,"Химки г, Дружбы ул, 6",жилое,6/30/2021,7/14/2021
126,"Химки г, Дружбы ул, 7",жилое,7/15/2021,7/29/2021
127,"Химки г, Дружбы ул, 8",жилое,6/1/2021,6/15/2021
128,"Химки г, Дружбы ул, 8 А",жилое,6/1/2021,6/15/2021
129,"Химки г, З.Космодемьянской ул, 1",жилое,8/2/2021,8/16/2021
130,"Химки г, З.Космодемьянской ул, 3",жилое,8/2/2021,8/16/2021
131,"Химки г, З.Космодемьянской ул, 4",жилое,8/2/2021,8/16/2021
132,"Химки г, З.Космодемьянской ул, 4 А",жилое,8/2/2021,8/16/2021
133,"Химки г, З.Космодемьянской ул, 5",жилое,8/2/2021,8/16/2021
134,"Химки г, З.Космодемьянской ул, 5 Б",жилое,8/2/2021,8/16/2021
135,"Химки г, З.Космодемьянской ул, 6",жилое,8/2/2021,8/16/2021
136,"Химки г, Ивакино кв-л, 27 1",жилое,8/17/2021,8/30/2021
137,"Химки г, Ивакино кв-л, 27 2",жилое,8/17/2021,8/30/2021
138,"Химки г, Имени К. И. Вороницына ул, 1 1",жилое,7/19/2021,8/2/2021
139,"Химки г, Имени К. И. Вороницына ул, 1 2",жилое,7/19/2021,8/2/2021
140,"Химки г, Калинина ул, 11",жилое,8/2/2021,8/16/2021
141,"Химки г, Калинина ул, 13",жилое,8/2/2021,8/16/2021
142,"Химки г, Калинина ул, 3",жилое,8/2/2021,8/16/2021
143,"Химки г, Калинина ул, 3 А",жилое,8/2/2021,8/16/2021
144,"Химки г, Калинина ул, 5",жилое,8/2/2021,8/16/2021
145,"Химки г, Калинина ул, 7",жилое,8/2/2021,8/16/2021
146,"Химки г, Калинина ул, 9",жилое,8/2/2021,8/16/2021
147,"Химки г, Кирова ул, 10 1",жилое,8/2/2021,8/16/2021
148,"Химки г, Кирова ул, 10 2",жилое,8/2/2021,8/16/2021
149,"Химки г, Кирова ул, 11",жилое,8/2/2021,8/16/2021
150,"Химки г, Кирова ул, 12",жилое,8/2/2021,8/16/2021
151,"Химки г, Кирова ул, 13",жилое,8/2/2021,8/16/2021
152,"Химки г, Кирова ул, 14",жилое,8/2/2021,8/16/2021
153,"Химки г, Кирова ул, 15",жилое,8/2/2021,8/16/2021
154,"Химки г, Кирова ул, 16/10",жилое,8/2/2021,8/16/2021
155,"Химки г, Кирова ул, 17",жилое,8/2/2021,8/16/2021
156,"Химки г, Кирова ул, 18",жилое,8/2/2021,8/16/2021
157,"Химки г, Кирова ул, 19",жилое,8/2/2021,8/16/2021
158,"Химки г, Кирова ул, 19 А",жилое,8/2/2021,8/16/2021
159,"Химки г, Кирова ул, 20",жилое,8/2/2021,8/16/2021
160,"Химки г, Кирова ул, 21",жилое,8/2/2021,8/16/2021
161,"Химки г, Кирова ул, 23",жилое,8/2/2021,8/16/2021
162,"Химки г, Кирова ул, 25",жилое,8/2/2021,8/16/2021
163,"Химки г, Кирова ул, 26",жилое,8/2/2021,8/16/2021
164,"Химки г, Кирова ул, 28",жилое,8/2/2021,8/16/2021
165,"Химки г, Кирова ул, 30",жилое,8/2/2021,8/16/2021
166,"Химки г, Кирова ул, 32",жилое,8/2/2021,8/16/2021
167,"Химки г, Кирова ул, 4",жилое,8/2/2021,8/16/2021
168,"Химки г, Кирова ул, 5",жилое,8/2/2021,8/16/2021
169,"Химки г, Кирова ул, 6",жилое,8/2/2021,8/16/2021
170,"Химки г, Кирова ул, 6 А",жилое,8/2/2021,8/16/2021
171,"Химки г, Кирова ул, 7",жилое,8/2/2021,8/16/2021
172,"Химки г, Кирова ул, 8",жилое,8/2/2021,8/16/2021
173,"Химки г, Кирова ул, 9",жилое,8/2/2021,8/16/2021
174,"Химки г, Клязьма кв-л, Летчика Ивана Федорова ул, 1",жилое,6/21/2021,7/1/2021
175,"Химки г, Клязьма кв-л, Летчика Ивана Федорова ул, 2 1",жилое,6/15/2021,6/24/2021
176,"Химки г, Клязьма кв-л, Летчика Ивана Федорова ул, 2 2",жилое,6/21/2021,7/1/2021
177,"Химки г, Клязьма кв-л, Летчика Ивана Федорова ул, 2 3",жилое,6/15/2021,6/25/2021
178,"Химки г, Клязьма кв-л, Летчика Ивана Федорова ул, 3 2",жилое,7/1/2021,7/8/2021
179,"Химки г, Клязьма кв-л, Летчика Ивана Федорова ул, 4",жилое,6/7/2021,6/17/2021
180,"Химки г, Клязьма кв-л, Летчика Ивана Федорова ул, 5",жилое,8/2/2021,8/12/2021
181,"Химки г, Клязьма кв-л, Летчика Ивана Федорова ул, 6",жилое,6/1/2021,6/11/2021
182,"Химки г, Клязьма кв-л, Летчика Ивана Федорова ул, 7",жилое,8/2/2021,8/12/2021
183,"Химки г, Клязьма кв-л, Летчика Ивана Федорова ул, 8 1",жилое,8/16/2021,8/26/2021
184,"Химки г, Клязьма кв-л, Летчика Ивана Федорова ул, 8 2",жилое,8/9/2021,8/19/2021
185,"Химки г, Клязьма кв-л, Летчика Ивана Федорова ул, 8 3",жилое,8/9/2021,8/19/2021
186,"Химки г, Клязьма кв-л, Набережный проезд, 1",жилое,7/12/2021,7/22/2021
187,"Химки г, Клязьма кв-л, Набережный проезд, 1 2",жилое,8/5/2021,8/12/2021
188,"Химки г, Клязьма кв-л, Набережный проезд, 10",жилое,6/7/2021,6/17/2021
189,"Химки г, Клязьма кв-л, Набережный проезд, 11",жилое,7/5/2021,7/15/2021
190,"Химки г, Клязьма кв-л, Набережный проезд, 12",жилое,6/1/2021,6/11/2021
191,"Химки г, Клязьма кв-л, Набережный проезд, 13",жилое,7/5/2021,7/15/2021
192,"Химки г, Клязьма кв-л, Набережный проезд, 14",жилое,7/5/2021,7/15/2021
193,"Химки г, Клязьма кв-л, Набережный проезд, 15",жилое,7/5/2021,7/15/2021
194,"Химки г, Клязьма кв-л, Набережный проезд, 16",жилое,7/5/2021,7/15/2021
195,"Химки г, Клязьма кв-л, Набережный проезд, 17",жилое,7/5/2021,7/15/2021
196,"Химки г, Клязьма кв-л, Набережный проезд, 18",жилое,7/5/2021,7/15/2021
197,"Химки г, Клязьма кв-л, Набережный проезд, 19",жилое,7/5/2021,7/15/2021
198,"Химки г, Клязьма кв-л, Набережный проезд, 2 2",жилое,7/22/2021,7/29/2021
199,"Химки г, Клязьма кв-л, Набережный проезд, 20",жилое,7/5/2021,7/15/2021
200,"Химки г, Клязьма кв-л, Набережный проезд, 21",жилое,7/5/2021,7/15/2021
201,"Химки г, Клязьма кв-л, Набережный проезд, 22",жилое,7/5/2021,7/15/2021
202,"Химки г, Клязьма кв-л, Набережный проезд, 23",жилое,7/5/2021,7/15/2021
203,"Химки г, Клязьма кв-л, Набережный проезд, 24 1",жилое,7/12/2021,7/22/2021
204,"Химки г, Клязьма кв-л, Набережный проезд, 24 2",жилое,7/12/2021,7/22/2021
205,"Химки г, Клязьма кв-л, Набережный проезд, 25 1",жилое,7/8/2021,7/15/2021
206,"Химки г, Клязьма кв-л, Набережный проезд, 3",жилое,7/12/2021,7/22/2021
207,"Химки г, Клязьма кв-л, Набережный проезд, 5",жилое,7/12/2021,7/22/2021
208,"Химки г, Клязьма кв-л, Набережный проезд, 6",жилое,7/15/2021,7/22/2021
209,"Химки г, Клязьма кв-л, Набережный проезд, 7",жилое,6/21/2021,7/1/2021
210,"Химки г, Клязьма кв-л, Набережный проезд, 8",жилое,6/21/2021,7/1/2021
211,"Химки г, Клязьма кв-л, Набережный проезд, 9",жилое,7/5/2021,7/15/2021
212,"Химки г, Кольцевая ул, 10",жилое,8/2/2021,8/16/2021
213,"Химки г, Кольцевая ул, 12",жилое,8/2/2021,8/16/2021
214,"Химки г, Кольцевая ул, 14",жилое,8/2/2021,8/16/2021
215,"Химки г, Кольцевая ул, 16",жилое,8/2/2021,8/16/2021
216,"Химки г, Кольцевая ул, 2",жилое,8/2/2021,8/16/2021
217,"Химки г, Кольцевая ул, 4",жилое,8/2/2021,8/16/2021
218,"Химки г, Кольцевая ул, 6",жилое,8/2/2021,8/16/2021
219,"Химки г, Кольцевая ул, 8",жилое,8/2/2021,8/16/2021
220,"Химки г, Коммунистическая ул, 3",жилое,7/29/2021,8/11/2021
221,"Химки г, Коммунистическая ул, 4",жилое,7/29/2021,8/11/2021
222,"Химки г, Красноармейская ул, 7",жилое,8/17/2021,8/30/2021
223,"Химки г, Кудрявцева ул, 1",жилое,8/17/2021,8/29/2021
224,"Химки г, Кудрявцева ул, 11",жилое,8/17/2021,8/29/2021
225,"Химки г, Кудрявцева ул, 12",жилое,8/17/2021,8/29/2021
226,"Химки г, Кудрявцева ул, 14",жилое,8/17/2021,8/29/2021
227,"Химки г, Кудрявцева ул, 15",жилое,8/17/2021,8/29/2021
228,"Химки г, Кудрявцева ул, 16",жилое,8/17/2021,8/29/2021
229,"Химки г, Кудрявцева ул, 2",жилое,8/17/2021,8/29/2021
230,"Химки г, Кудрявцева ул, 2 А",жилое,8/17/2021,8/29/2021
231,"Химки г, Кудрявцева ул, 3",жилое,8/17/2021,8/29/2021
232,"Химки г, Кудрявцева ул, 4",жилое,8/17/2021,8/29/2021
233,"Химки г, Кудрявцева ул, 5",жилое,8/17/2021,8/29/2021
234,"Химки г, Кудрявцева ул, 6",жилое,8/17/2021,8/29/2021
235,"Химки г, Кудрявцева ул, 8",жилое,8/17/2021,8/29/2021
236,"Химки г, Куркинское ш, 12",жилое,6/15/2021,6/29/2021
237,"Химки г, Куркинское ш, 14",жилое,6/15/2021,6/29/2021
238,"Химки г, Куркинское ш, 16",жилое,6/15/2021,6/29/2021
239,"Химки г, Куркинское ш, 20",жилое,6/15/2021,6/29/2021
240,"Химки г, Куркинское ш, 22",жилое,6/15/2021,6/29/2021
241,"Химки г, Куркинское ш, 24",жилое,6/15/2021,6/29/2021
242,"Химки г, Куркинское ш, 26",жилое,6/15/2021,6/29/2021
243,"Химки г, Куркинское ш, 6",жилое,6/15/2021,6/29/2021
244,"Химки г, Куркинское ш, 7",жилое,6/30/2021,7/14/2021
245,"Химки г, Куркинское ш, 8",жилое,6/15/2021,6/29/2021
246,"Химки г, Лавочкина ул, 10",жилое,6/15/2021,6/29/2021
247,"Химки г, Лавочкина ул, 13 1",жилое,6/15/2021,6/29/2021
248,"Химки г, Лавочкина ул, 13 2",жилое,6/15/2021,6/29/2021
249,"Химки г, Лавочкина ул, 14",жилое,6/15/2021,6/29/2021
250,"Химки г, Лавочкина ул, 15",жилое,6/15/2021,6/29/2021
251,"Химки г, Лавочкина ул, 16",жилое,6/15/2021,6/29/2021
252,"Химки г, Лавочкина ул, 17",жилое,6/15/2021,6/29/2021
253,"Химки г, Лавочкина ул, 18",жилое,6/15/2021,6/29/2021
254,"Химки г, Лавочкина ул, 19",жилое,6/15/2021,6/29/2021
255,"Химки г, Лавочкина ул, 2",жилое,6/15/2021,6/29/2021
256,"Химки г, Лавочкина ул, 23",жилое,6/15/2021,6/29/2021
257,"Химки г, Лавочкина ул, 23 А",жилое,6/15/2021,6/29/2021
258,"Химки г, Лавочкина ул, 24",жилое,6/15/2021,6/29/2021
259,"Химки г, Лавочкина ул, 25",жилое,6/15/2021,6/29/2021
260,"Химки г, Лавочкина ул, 3",жилое,6/15/2021,6/29/2021
261,"Химки г, Лавочкина ул, 4",жилое,6/15/2021,6/29/2021
262,"Химки г, Лавочкина ул, 5",жилое,6/15/2021,6/29/2021
263,"Химки г, Лавочкина ул, 9",жилое,6/15/2021,6/29/2021
264,"Химки г, Левобережный мкр, Библиотечная ул, 16",жилое,7/21/2021,8/3/2021
265,"Химки г, Левобережный мкр, Библиотечная ул, 18",жилое,7/21/2021,8/3/2021
266,"Химки г, Левобережный мкр, Библиотечная ул, 2",жилое,7/21/2021,8/3/2021
267,"Химки г, Левобережный мкр, Библиотечная ул, 22",жилое,7/21/2021,8/3/2021
268,"Химки г, Левобережный мкр, Библиотечная ул, 24",жилое,7/21/2021,8/3/2021
269,"Химки г, Левобережный мкр, Библиотечная ул, 26",жилое,7/21/2021,8/3/2021
270,"Химки г, Левобережный мкр, Библиотечная ул, 27",жилое,7/21/2021,8/3/2021
271,"Химки г, Левобережный мкр, Библиотечная ул, 29",жилое,7/21/2021,8/3/2021
272,"Химки г, Левобережный мкр, Библиотечная ул, 4",жилое,7/21/2021,8/3/2021
273,"Химки г, Левобережный мкр, Библиотечная ул, 6",жилое,7/21/2021,8/3/2021
274,"Химки г, Левобережный мкр, Библиотечная ул, 8",жилое,7/21/2021,8/3/2021
275,"Химки г, Левобережный мкр, Зеленая ул, 1",жилое,7/21/2021,8/3/2021
276,"Химки г, Левобережный мкр, Зеленая ул, 10",жилое,7/21/2021,8/3/2021
277,"Химки г, Левобережный мкр, Зеленая ул, 11",жилое,7/21/2021,8/3/2021
278,"Химки г, Левобережный мкр, Зеленая ул, 12",жилое,7/21/2021,8/3/2021
279,"Химки г, Левобережный мкр, Зеленая ул, 13",жилое,7/21/2021,8/3/2021
280,"Химки г, Левобережный мкр, Зеленая ул, 14",жилое,7/21/2021,8/3/2021
281,"Химки г, Левобережный мкр, Зеленая ул, 15",жилое,7/21/2021,8/3/2021
282,"Химки г, Левобережный мкр, Зеленая ул, 15 А",жилое,7/21/2021,8/3/2021
283,"Химки г, Левобережный мкр, Зеленая ул, 16",жилое,7/21/2021,8/3/2021
284,"Химки г, Левобережный мкр, Зеленая ул, 18",жилое,7/21/2021,8/3/2021
285,"Химки г, Левобережный мкр, Зеленая ул, 19",жилое,7/21/2021,8/3/2021
286,"Химки г, Левобережный мкр, Зеленая ул, 2",жилое,7/21/2021,8/3/2021
287,"Химки г, Левобережный мкр, Зеленая ул, 20",жилое,7/21/2021,8/3/2021
288,"Химки г, Левобережный мкр, Зеленая ул, 21",жилое,7/21/2021,8/3/2021
289,"Химки г, Левобережный мкр, Зеленая ул, 4",жилое,7/21/2021,8/3/2021
290,"Химки г, Левобережный мкр, Зеленая ул, 6",жилое,7/21/2021,8/3/2021
291,"Химки г, Левобережный мкр, Зеленая ул, 6 1",жилое,7/21/2021,8/3/2021
292,"Химки г, Левобережный мкр, Зеленая ул, 7",жилое,7/21/2021,8/3/2021
293,"Химки г, Левобережный мкр, Зеленая ул, 8",жилое,7/21/2021,8/3/2021
294,"Химки г, Левобережный мкр, Зеленая ул, 9",жилое,7/21/2021,8/3/2021
295,"Химки г, Левобережный мкр, Нахимова ул, 12",жилое,7/21/2021,8/3/2021
296,"Химки г, Левобережный мкр, Нахимова ул, 14",жилое,7/21/2021,8/3/2021
297,"Химки г, Левобережный мкр, Нахимова ул, 3",жилое,7/21/2021,8/3/2021
298,"Химки г, Левобережный мкр, Нахимова ул, 4",жилое,7/21/2021,8/3/2021
299,"Химки г, Левобережный мкр, Нахимова ул, 4 А",жилое,7/21/2021,8/3/2021
300,"Химки г, Левобережный мкр, Нахимова ул, 6",жилое,7/21/2021,8/3/2021
301,"Химки г, Левобережный мкр, Нахимова ул, 8",жилое,7/21/2021,8/3/2021
302,"Химки г, Левобережный мкр, Пожарского ул, 12",жилое,7/21/2021,8/3/2021
303,"Химки г, Левобережный мкр, Пожарского ул, 13",жилое,7/21/2021,8/3/2021
304,"Химки г, Левобережный мкр, Пожарского ул, 14",жилое,7/21/2021,8/3/2021
305,"Химки г, Левобережный мкр, Пожарского ул, 15",жилое,7/21/2021,8/3/2021
306,"Химки г, Левобережный мкр, Пожарского ул, 16",жилое,7/21/2021,8/3/2021
307,"Химки г, Левобережный мкр, Пожарского ул, 17",жилое,7/21/2021,8/3/2021
308,"Химки г, Левобережный мкр, Пожарского ул, 18",жилое,7/21/2021,8/3/2021
309,"Химки г, Левобережный мкр, Пожарского ул, 18 А",жилое,7/21/2021,8/3/2021
310,"Химки г, Левобережный мкр, Пожарского ул, 19",жилое,7/21/2021,8/3/2021
311,"Химки г, Левобережный мкр, Пожарского ул, 2",жилое,7/21/2021,8/3/2021
312,"Химки г, Левобережный мкр, Пожарского ул, 20",жилое,7/21/2021,8/3/2021
313,"Химки г, Левобережный мкр, Пожарского ул, 21",жилое,7/21/2021,8/3/2021
314,"Химки г, Левобережный мкр, Пожарского ул, 27",жилое,7/21/2021,8/3/2021
315,"Химки г, Левобережный мкр, Пожарского ул, 29",жилое,7/21/2021,8/3/2021
316,"Химки г, Левобережный мкр, Пожарского ул, 3",жилое,7/21/2021,8/3/2021
317,"Химки г, Левобережный мкр, Пожарского ул, 4",жилое,7/21/2021,8/3/2021
318,"Химки г, Левобережный мкр, Пожарского ул, 6",жилое,7/21/2021,8/3/2021
319,"Химки г, Левобережный мкр, Пожарского ул, 7",жилое,7/21/2021,8/3/2021
320,"Химки г, Левобережный мкр, Пожарского ул, 9",жилое,7/21/2021,8/3/2021
321,"Химки г, Левобережный мкр, Совхозная ул, 1",жилое,7/21/2021,8/3/2021
322,"Химки г, Левобережный мкр, Совхозная ул, 10",жилое,7/21/2021,8/3/2021
323,"Химки г, Левобережный мкр, Совхозная ул, 11",жилое,7/21/2021,8/3/2021
324,"Химки г, Левобережный мкр, Совхозная ул, 12",жилое,7/21/2021,8/3/2021
325,"Химки г, Левобережный мкр, Совхозная ул, 13",жилое,7/21/2021,8/3/2021
326,"Химки г, Левобережный мкр, Совхозная ул, 14",жилое,7/21/2021,8/3/2021
327,"Химки г, Левобережный мкр, Совхозная ул, 15",жилое,7/21/2021,8/3/2021
328,"Химки г, Левобережный мкр, Совхозная ул, 16",жилое,7/21/2021,8/3/2021
329,"Химки г, Левобережный мкр, Совхозная ул, 16 2",жилое,7/21/2021,8/3/2021
330,"Химки г, Левобережный мкр, Совхозная ул, 16 3",жилое,7/21/2021,8/3/2021
331,"Химки г, Левобережный мкр, Совхозная ул, 17 1",жилое,7/21/2021,8/3/2021
332,"Химки г, Левобережный мкр, Совхозная ул, 17 2",жилое,7/21/2021,8/3/2021
333,"Химки г, Левобережный мкр, Совхозная ул, 17 3",жилое,7/21/2021,8/3/2021
334,"Химки г, Левобережный мкр, Совхозная ул, 18",жилое,7/21/2021,8/3/2021
335,"Химки г, Левобережный мкр, Совхозная ул, 18 2",жилое,7/21/2021,8/3/2021
336,"Химки г, Левобережный мкр, Совхозная ул, 19 1",жилое,7/21/2021,8/3/2021
337,"Химки г, Левобережный мкр, Совхозная ул, 19 2",жилое,7/21/2021,8/3/2021
338,"Химки г, Левобережный мкр, Совхозная ул, 2",жилое,7/21/2021,8/3/2021
339,"Химки г, Левобережный мкр, Совхозная ул, 25 1",жилое,7/21/2021,8/3/2021
340,"Химки г, Левобережный мкр, Совхозная ул, 25 2",жилое,7/21/2021,8/3/2021
341,"Химки г, Левобережный мкр, Совхозная ул, 27",жилое,7/21/2021,8/3/2021
342,"Химки г, Левобережный мкр, Совхозная ул, 29",жилое,7/21/2021,8/3/2021
343,"Химки г, Левобережный мкр, Совхозная ул, 3",жилое,7/21/2021,8/3/2021
344,"Химки г, Левобережный мкр, Совхозная ул, 4",жилое,7/21/2021,8/3/2021
345,"Химки г, Левобережный мкр, Совхозная ул, 4 А",жилое,7/21/2021,8/3/2021
346,"Химки г, Левобережный мкр, Совхозная ул, 4 Б",жилое,7/21/2021,8/3/2021
347,"Химки г, Левобережный мкр, Совхозная ул, 5",жилое,7/21/2021,8/3/2021
348,"Химки г, Левобережный мкр, Совхозная ул, 7",жилое,7/21/2021,8/3/2021
349,"Химки г, Левобережный мкр, Совхозная ул, 8",жилое,7/21/2021,8/3/2021
350,"Химки г, Левобережный мкр, Совхозная ул, 8 А",жилое,7/21/2021,8/3/2021
351,"Химки г, Левобережный мкр, Совхозная ул, 9",жилое,7/21/2021,8/3/2021
352,"Химки г, Левобережный мкр, Чайковского ул, 1",жилое,7/21/2021,8/3/2021
353,"Химки г, Левобережный мкр, Чайковского ул, 3",жилое,7/21/2021,8/3/2021
354,"Химки г, Левобережный мкр, Чайковского ул, 5",жилое,7/21/2021,8/3/2021
355,"Химки г, Ленинградская ул, 10",жилое,6/1/2021,6/15/2021
356,"Химки г, Ленинградская ул, 11",жилое,6/1/2021,6/15/2021
357,"Химки г, Ленинградская ул, 16",жилое,6/1/2021,6/15/2021
358,"Химки г, Ленинградская ул, 17",жилое,6/1/2021,6/15/2021
359,"Химки г, Ленинградская ул, 18",жилое,6/1/2021,6/15/2021
360,"Химки г, Ленинградская ул, 18 А",жилое,6/1/2021,6/15/2021
361,"Химки г, Ленинградская ул, 19",жилое,6/1/2021,6/15/2021
362,"Химки г, Ленинградская ул, 2",жилое,8/2/2021,8/16/2021
363,"Химки г, Ленинградская ул, 20",жилое,6/1/2021,6/15/2021
364,"Химки г, Ленинградская ул, 3",жилое,8/2/2021,8/16/2021
365,"Химки г, Ленинградская ул, 33",жилое,6/1/2021,6/15/2021
366,"Химки г, Ленинградская ул, 4/23",жилое,6/1/2021,6/15/2021
367,"Химки г, Ленинградская ул, 5/40",жилое,6/1/2021,6/15/2021
368,"Химки г, Ленинградская ул, 6",жилое,6/1/2021,6/15/2021
369,"Химки г, Ленинградская ул, 7",жилое,6/1/2021,6/15/2021
370,"Химки г, Ленинградская ул, 8",жилое,6/1/2021,6/15/2021
371,"Химки г, Ленинградская ул, 9",жилое,6/1/2021,6/15/2021
372,"Химки г, Ленинградская ул, 9 А",жилое,6/1/2021,6/15/2021
373,"Химки г, Ленинский пр-кт, 1 1",жилое,8/17/2021,8/30/2021
374,"Химки г, Ленинский пр-кт, 1 2",жилое,8/17/2021,8/30/2021
375,"Химки г, Ленинский пр-кт, 1 3",жилое,8/17/2021,8/30/2021
376,"Химки г, Ленинский пр-кт, 10",жилое,8/17/2021,8/30/2021
377,"Химки г, Ленинский пр-кт, 11",жилое,8/17/2021,8/30/2021
378,"Химки г, Ленинский пр-кт, 11 А",жилое,8/17/2021,8/30/2021
379,"Химки г, Ленинский пр-кт, 12",жилое,8/17/2021,8/30/2021
380,"Химки г, Ленинский пр-кт, 16",жилое,8/17/2021,8/30/2021
381,"Химки г, Ленинский пр-кт, 17",жилое,8/17/2021,8/30/2021
382,"Химки г, Ленинский пр-кт, 18",жилое,8/17/2021,8/30/2021
383,"Химки г, Ленинский пр-кт, 19/1",жилое,8/17/2021,8/30/2021
384,"Химки г, Ленинский пр-кт, 2",жилое,8/17/2021,8/30/2021
385,"Химки г, Ленинский пр-кт, 20",жилое,8/17/2021,8/30/2021
386,"Химки г, Ленинский пр-кт, 22",жилое,8/17/2021,8/30/2021
387,"Химки г, Ленинский пр-кт, 23 А",жилое,8/17/2021,8/30/2021
388,"Химки г, Ленинский пр-кт, 25",жилое,8/17/2021,8/30/2021
389,"Химки г, Ленинский пр-кт, 27",жилое,8/17/2021,8/30/2021
390,"Химки г, Ленинский пр-кт, 29",жилое,8/17/2021,8/30/2021
391,"Химки г, Ленинский пр-кт, 33 1",жилое,8/17/2021,8/30/2021
392,"Химки г, Ленинский пр-кт, 33 2",жилое,8/17/2021,8/30/2021
393,"Химки г, Ленинский пр-кт, 33 3",жилое,8/17/2021,8/30/2021
394,"Химки г, Ленинский пр-кт, 35 1",жилое,8/17/2021,8/30/2021
395,"Химки г, Ленинский пр-кт, 35 2",жилое,8/17/2021,8/30/2021
396,"Химки г, Ленинский пр-кт, 35 3",жилое,8/17/2021,8/30/2021
397,"Химки г, Ленинский пр-кт, 4",жилое,8/17/2021,8/30/2021
398,"Химки г, Ленинский пр-кт, 6",жилое,8/17/2021,8/30/2021
399,"Химки г, Ленинский пр-кт, 8",жилое,8/17/2021,8/30/2021
400,"Химки г, М.Рубцовой ул, 1 1",жилое,7/15/2021,7/29/2021
401,"Химки г, М.Рубцовой ул, 1 2",жилое,7/15/2021,7/29/2021
402,"Химки г, М.Рубцовой ул, 1 3",жилое,7/15/2021,7/29/2021
403,"Химки г, М.Рубцовой ул, 1 4",жилое,7/15/2021,7/29/2021
404,"Химки г, М.Рубцовой ул, 1 5",жилое,7/15/2021,7/29/2021
405,"Химки г, М.Рубцовой ул, 3",жилое,7/15/2021,7/29/2021
406,"Химки г, М.Рубцовой ул, 5",жилое,7/15/2021,7/29/2021
407,"Химки г, М.Рубцовой ул, 7",жилое,7/15/2021,7/29/2021
408,"Химки г, Марины Расковой ул, 5",жилое,8/2/2021,8/16/2021
409,"Химки г, Машинцева ул, 3",жилое,6/30/2021,7/14/2021
410,"Химки г, Машинцева ул, 3 А",жилое,6/30/2021,7/14/2021
411,"Химки г, Машинцева ул, 5",жилое,6/30/2021,7/14/2021
412,"Химки г, Машинцева ул, 7",жилое,6/30/2021,7/14/2021
413,"Химки г, Машинцева ул, 9",жилое,6/30/2021,7/14/2021
414,"Химки г, Маяковского ул, 11",жилое,7/29/2021,8/11/2021
415,"Химки г, Маяковского ул, 12",жилое,7/29/2021,8/11/2021
416,"Химки г, Маяковского ул, 13",жилое,7/29/2021,8/11/2021
417,"Химки г, Маяковского ул, 14",жилое,7/29/2021,8/11/2021
418,"Химки г, Маяковского ул, 16/10",жилое,6/1/2021,6/15/2021
419,"Химки г, Маяковского ул, 19/8",жилое,7/29/2021,8/11/2021
420,"Химки г, Маяковского ул, 2",жилое,7/29/2021,8/11/2021
421,"Химки г, Маяковского ул, 20",жилое,6/1/2021,6/15/2021
422,"Химки г, Маяковского ул, 21 А",жилое,6/1/2021,6/15/2021
423,"Химки г, Маяковского ул, 21/13",жилое,6/1/2021,6/15/2021
424,"Химки г, Маяковского ул, 22",жилое,6/1/2021,6/15/2021
425,"Химки г, Маяковского ул, 23",жилое,6/1/2021,6/15/2021
426,"Химки г, Маяковского ул, 24",жилое,6/1/2021,6/15/2021
427,"Химки г, Маяковского ул, 25",жилое,6/1/2021,6/15/2021
428,"Химки г, Маяковского ул, 26",жилое,6/1/2021,6/15/2021
429,"Химки г, Маяковского ул, 27",жилое,6/1/2021,6/15/2021
430,"Химки г, Маяковского ул, 28",жилое,6/1/2021,6/15/2021
431,"Химки г, Маяковского ул, 3",жилое,7/29/2021,8/11/2021
432,"Химки г, Маяковского ул, 30",жилое,6/1/2021,6/15/2021
433,"Химки г, Маяковского ул, 4",жилое,7/29/2021,8/11/2021
434,"Химки г, Маяковского ул, 5",жилое,7/29/2021,8/11/2021
435,"Химки г, Маяковского ул, 7",жилое,7/29/2021,8/11/2021
436,"Химки г, Маяковского ул, 8/12",жилое,6/1/2021,6/15/2021
437,"Химки г, Маяковского ул, 9/10",жилое,7/29/2021,8/11/2021
438,"Химки г, Международный кв-л, Береговая ул, 1",жилое,7/5/2021,7/16/2021
439,"Химки г, Международный кв-л, Береговая ул, 1 А",жилое,7/5/2021,7/16/2021
440,"Химки г, Международный кв-л, Береговая ул, 10",жилое,7/5/2021,7/16/2021
441,"Химки г, Международный кв-л, Береговая ул, 2",жилое,7/5/2021,7/16/2021
442,"Химки г, Международный кв-л, Береговая ул, 3",жилое,7/5/2021,7/16/2021
443,"Химки г, Международный кв-л, Береговая ул, 4",жилое,7/5/2021,7/16/2021
444,"Химки г, Международный кв-л, Береговая ул, 5",жилое,7/5/2021,7/16/2021
445,"Химки г, Международный кв-л, Береговая ул, 8",жилое,7/5/2021,7/16/2021
446,"Химки г, Международный кв-л, Весенний б-р, 2",жилое,7/8/2021,7/21/2021
447,"Химки г, Международный кв-л, Весенний б-р, 4",жилое,7/8/2021,7/21/2021
448,"Химки г, Международный кв-л, Загородная ул, 1",жилое,7/8/2021,7/21/2021
449,"Химки г, Международный кв-л, Загородная ул, 2",жилое,7/8/2021,7/21/2021
450,"Химки г, Международный кв-л, Загородная ул, 3",жилое,7/8/2021,7/21/2021
451,"Химки г, Международный кв-л, Загородная ул, 4",жилое,7/8/2021,7/21/2021
452,"Химки г, Международный кв-л, Загородная ул, 5",жилое,7/8/2021,7/21/2021
453,"Химки г, Международный кв-л, Шереметьевская ул, 2",жилое,7/8/2021,7/21/2021
454,"Химки г, Мельникова пр-кт, 1",жилое,7/15/2021,7/29/2021
455,"Химки г, Мельникова пр-кт, 10",жилое,7/15/2021,7/29/2021
456,"Химки г, Мельникова пр-кт, 12",жилое,7/15/2021,7/29/2021
457,"Химки г, Мельникова пр-кт, 13",жилое,7/15/2021,7/29/2021
458,"Химки г, Мельникова пр-кт, 14",жилое,7/15/2021,7/29/2021
459,"Химки г, Мельникова пр-кт, 15",жилое,7/15/2021,7/29/2021
460,"Химки г, Мельникова пр-кт, 16",жилое,7/15/2021,7/29/2021
461,"Химки г, Мельникова пр-кт, 17",жилое,7/15/2021,7/29/2021
462,"Химки г, Мельникова пр-кт, 18",жилое,7/15/2021,7/29/2021
463,"Химки г, Мельникова пр-кт, 19",жилое,7/15/2021,7/29/2021
464,"Химки г, Мельникова пр-кт, 2 Б",жилое,7/15/2021,7/29/2021
465,"Химки г, Мельникова пр-кт, 2/1",жилое,7/15/2021,7/29/2021
466,"Химки г, Мельникова пр-кт, 21/1 (М.Рубцовой ул, 1/21  )",жилое,7/15/2021,7/29/2021
467,"Химки г, Мельникова пр-кт, 23 2",жилое,7/15/2021,7/29/2021
468,"Химки г, Мельникова пр-кт, 25",жилое,7/15/2021,7/29/2021
469,"Химки г, Мельникова пр-кт, 27",жилое,7/15/2021,7/29/2021
470,"Химки г, Мельникова пр-кт, 29",жилое,7/15/2021,7/29/2021
471,"Химки г, Мельникова пр-кт, 3",жилое,7/15/2021,7/29/2021
472,"Химки г, Мельникова пр-кт, 31",жилое,7/15/2021,7/29/2021
473,"Химки г, Мельникова пр-кт, 33",жилое,7/15/2021,7/29/2021
474,"Химки г, Мельникова пр-кт, 35",жилое,7/15/2021,7/29/2021
475,"Химки г, Мельникова пр-кт, 37",жилое,7/15/2021,7/29/2021
476,"Химки г, Мельникова пр-кт, 4",жилое,7/15/2021,7/29/2021
477,"Химки г, Мельникова пр-кт, 4 А",жилое,7/15/2021,7/29/2021
478,"Химки г, Мельникова пр-кт, 5 1",жилое,7/15/2021,7/29/2021
479,"Химки г, Мельникова пр-кт, 5 2",жилое,7/15/2021,7/29/2021
480,"Химки г, Мельникова пр-кт, 6",жилое,7/15/2021,7/29/2021
481,"Химки г, Мельникова пр-кт, 7",жилое,7/15/2021,7/29/2021
482,"Химки г, Мельникова пр-кт, 8",жилое,7/15/2021,7/29/2021
483,"Химки г, Мельникова пр-кт, 9",жилое,7/15/2021,7/29/2021
484,"Химки г, Мира пр-кт, 1",жилое,8/17/2021,8/30/2021
485,"Химки г, Мира пр-кт, 10",жилое,8/17/2021,8/30/2021
486,"Химки г, Мира пр-кт, 11",жилое,8/17/2021,8/30/2021
487,"Химки г, Мира пр-кт, 12",жилое,8/17/2021,8/30/2021
488,"Химки г, Мира пр-кт, 13/7",жилое,8/17/2021,8/30/2021
489,"Химки г, Мира пр-кт, 14",жилое,8/17/2021,8/30/2021
490,"Химки г, Мира пр-кт, 14 А",жилое,8/17/2021,8/30/2021
491,"Химки г, Мира пр-кт, 16",жилое,8/17/2021,8/30/2021
492,"Химки г, Мира пр-кт, 17",жилое,8/17/2021,8/30/2021
493,"Химки г, Мира пр-кт, 18/5",жилое,8/17/2021,8/30/2021
494,"Химки г, Мира пр-кт, 21/6",жилое,8/17/2021,8/30/2021
495,"Химки г, Мира пр-кт, 23",жилое,8/17/2021,8/30/2021
496,"Химки г, Мира пр-кт, 3",жилое,8/17/2021,8/30/2021
497,"Химки г, Мира пр-кт, 4",жилое,8/17/2021,8/30/2021
498,"Химки г, Мира пр-кт, 5",жилое,8/17/2021,8/30/2021
499,"Химки г, Мира пр-кт, 5 А",жилое,8/17/2021,8/30/2021
500,"Химки г, Мира пр-кт, 6",жилое,8/17/2021,8/30/2021
501,"Химки г, Мира пр-кт, 7",жилое,8/17/2021,8/30/2021
502,"Химки г, Мира пр-кт, 8",жилое,8/17/2021,8/30/2021
503,"Химки г, Мира пр-кт, 9",жилое,8/17/2021,8/30/2021
504,"Химки г, Мичурина ул, 10",жилое,8/17/2021,8/31/2021
505,"Химки г, Мичурина ул, 11",жилое,8/17/2021,8/31/2021
506,"Химки г, Мичурина ул, 12",жилое,8/17/2021,8/31/2021
507,"Химки г, Мичурина ул, 13",жилое,8/17/2021,8/31/2021
508,"Химки г, Мичурина ул, 14",жилое,8/17/2021,8/31/2021
509,"Химки г, Мичурина ул, 15",жилое,8/17/2021,8/31/2021
510,"Химки г, Мичурина ул, 16",жилое,8/17/2021,8/31/2021
511,"Химки г, Мичурина ул, 17",жилое,8/17/2021,8/31/2021
512,"Химки г, Мичурина ул, 18",жилое,8/17/2021,8/31/2021
513,"Химки г, Мичурина ул, 19",жилое,8/17/2021,8/31/2021
514,"Химки г, Мичурина ул, 21",жилое,8/17/2021,8/31/2021
515,"Химки г, Мичурина ул, 23",жилое,8/17/2021,8/31/2021
516,"Химки г, Мичурина ул, 25",жилое,8/17/2021,8/31/2021
517,"Химки г, Мичурина ул, 27",жилое,8/17/2021,8/31/2021
518,"Химки г, Мичурина ул, 29",жилое,8/17/2021,8/31/2021
519,"Химки г, Мичурина ул, 4",жилое,8/17/2021,8/31/2021
520,"Химки г, Мичурина ул, 6",жилое,8/17/2021,8/31/2021
521,"Химки г, Мичурина ул, 8",жилое,8/17/2021,8/31/2021
522,"Химки г, Молодежная ул, 1",жилое,6/30/2021,7/14/2021
523,"Химки г, Молодежная ул, 10",жилое,6/30/2021,7/14/2021
524,"Химки г, Молодежная ул, 12/9",жилое,6/30/2021,7/14/2021
525,"Химки г, Молодежная ул, 14/30",жилое,6/30/2021,7/14/2021
526,"Химки г, Молодежная ул, 16/12",жилое,6/30/2021,7/14/2021
527,"Химки г, Молодежная ул, 18",жилое,6/30/2021,7/14/2021
528,"Химки г, Молодежная ул, 2",жилое,6/30/2021,7/14/2021
529,"Химки г, Молодежная ул, 2 А",жилое,6/30/2021,7/14/2021
530,"Химки г, Молодежная ул, 20",жилое,6/30/2021,7/14/2021
531,"Химки г, Молодежная ул, 22",жилое,6/30/2021,7/14/2021
532,"Химки г, Молодежная ул, 24",жилое,6/30/2021,7/14/2021
533,"Химки г, Молодежная ул, 26",жилое,6/30/2021,7/14/2021
534,"Химки г, Молодежная ул, 3",жилое,6/30/2021,7/14/2021
535,"Химки г, Молодежная ул, 30",жилое,6/30/2021,7/14/2021
536,"Химки г, Молодежная ул, 30 А",жилое,6/30/2021,7/14/2021
537,"Химки г, Молодежная ул, 32",жилое,6/30/2021,7/14/2021
538,"Химки г, Молодежная ул, 34",жилое,6/30/2021,7/14/2021
539,"Химки г, Молодежная ул, 34 1",жилое,6/30/2021,7/14/2021
540,"Химки г, Молодежная ул, 36",жилое,6/30/2021,7/14/2021
541,"Химки г, Молодежная ул, 36 А",жилое,6/30/2021,7/14/2021
542,"Химки г, Молодежная ул, 4",жилое,6/30/2021,7/14/2021
543,"Химки г, Молодежная ул, 5",жилое,6/30/2021,7/14/2021
544,"Химки г, Молодежная ул, 50",жилое,7/15/2021,7/29/2021
545,"Химки г, Молодежная ул, 52",жилое,7/15/2021,7/29/2021
546,"Химки г, Молодежная ул, 54",жилое,7/15/2021,7/29/2021
547,"Химки г, Молодежная ул, 59",жилое,7/15/2021,7/29/2021
548,"Химки г, Молодежная ул, 6",жилое,6/30/2021,7/14/2021
549,"Химки г, Молодежная ул, 60",жилое,7/15/2021,7/29/2021
550,"Химки г, Молодежная ул, 61",жилое,7/15/2021,7/29/2021
551,"Химки г, Молодежная ул, 63 1",жилое,7/15/2021,7/29/2021
552,"Химки г, Молодежная ул, 63 2",жилое,7/15/2021,7/29/2021
553,"Химки г, Молодежная ул, 63 3",жилое,7/15/2021,7/29/2021
554,"Химки г, Молодежная ул, 64",жилое,7/15/2021,7/29/2021
555,"Химки г, Молодежная ул, 68",жилое,7/15/2021,7/29/2021
556,"Химки г, Молодежная ул, 7 1",жилое,6/30/2021,7/14/2021
557,"Химки г, Молодежная ул, 70",жилое,7/15/2021,7/29/2021
558,"Химки г, Молодежная ул, 74",жилое,7/15/2021,7/29/2021
559,"Химки г, Молодежная ул, 76",жилое,7/15/2021,7/29/2021
560,"Химки г, Молодежная ул, 78",жилое,7/15/2021,7/29/2021
561,"Химки г, Молодежная ул, 8",жилое,6/30/2021,7/14/2021
562,"Химки г, Молодежный проезд, 6",жилое,7/15/2021,7/29/2021
563,"Химки г, Молодежный проезд, 8",жилое,7/15/2021,7/29/2021
564,"Химки г, Москвина ул, 10",жилое,8/17/2021,8/31/2021
565,"Химки г, Москвина ул, 4",жилое,8/17/2021,8/31/2021
566,"Химки г, Москвина ул, 6",жилое,8/17/2021,8/31/2021
567,"Химки г, Москвина ул, 8",жилое,8/17/2021,8/31/2021
568,"Химки г, Московская ул, 1",жилое,7/29/2021,8/11/2021
569,"Химки г, Московская ул, 10",жилое,7/29/2021,8/11/2021
570,"Химки г, Московская ул, 11",жилое,7/29/2021,8/11/2021
571,"Химки г, Московская ул, 11 А",жилое,7/29/2021,8/11/2021
572,"Химки г, Московская ул, 12",жилое,7/29/2021,8/11/2021
573,"Химки г, Московская ул, 13/1",жилое,7/29/2021,8/11/2021
574,"Химки г, Московская ул, 16",жилое,7/29/2021,8/11/2021
575,"Химки г, Московская ул, 17/15",жилое,8/2/2021,8/16/2021
576,"Химки г, Московская ул, 18",жилое,7/29/2021,8/11/2021
577,"Химки г, Московская ул, 19/2",жилое,7/29/2021,8/11/2021
578,"Химки г, Московская ул, 20/2",жилое,7/29/2021,8/11/2021
579,"Химки г, Московская ул, 21",жилое,7/29/2021,8/11/2021
580,"Химки г, Московская ул, 21 А",жилое,7/29/2021,8/11/2021
581,"Химки г, Московская ул, 22/1",жилое,7/29/2021,8/11/2021
582,"Химки г, Московская ул, 24",жилое,7/29/2021,8/11/2021
583,"Химки г, Московская ул, 24 А",жилое,7/29/2021,8/11/2021
584,"Химки г, Московская ул, 28/2",жилое,7/29/2021,8/11/2021
585,"Химки г, Московская ул, 3",жилое,7/29/2021,8/11/2021
586,"Химки г, Московская ул, 30",жилое,7/29/2021,8/11/2021
587,"Химки г, Московская ул, 32",жилое,6/1/2021,6/15/2021
588,"Химки г, Московская ул, 32 А",жилое,7/29/2021,8/11/2021
589,"Химки г, Московская ул, 32 Б",жилое,7/29/2021,8/11/2021
590,"Химки г, Московская ул, 34",жилое,6/1/2021,6/15/2021
591,"Химки г, Московская ул, 36",жилое,6/1/2021,6/15/2021
592,"Химки г, Московская ул, 5",жилое,7/29/2021,8/11/2021
593,"Химки г, Московская ул, 7/1",жилое,7/29/2021,8/11/2021
594,"Химки г, Московская ул, 8",жилое,7/29/2021,8/11/2021
595,"Химки г, Московская ул, 9/2",жилое,7/29/2021,8/11/2021
596,"Химки г, Нагорное ш, 1",жилое,6/30/2021,7/14/2021
597,"Химки г, Нагорное ш, 1 А",жилое,6/30/2021,7/14/2021
598,"Химки г, Новогорск мкр, 1",жилое,8/2/2021,8/16/2021
599,"Химки г, Новогорск мкр, 2",жилое,8/2/2021,8/16/2021
600,"Химки г, Новогорск мкр, 3",жилое,8/2/2021,8/16/2021
601,"Химки г, Новогорск мкр, 4",жилое,8/2/2021,8/16/2021
602,"Химки г, Новогорск мкр, 6",жилое,8/2/2021,8/16/2021
603,"Химки г, Новогорск мкр, 6-й мкр, Соколовская 6 кв ул, 3",жилое,8/2/2021,8/16/2021
604,"Химки г, Новогорск мкр, Заречная ул, 1",жилое,8/5/2021,8/15/2021
605,"Химки г, Новогорск мкр, Заречная ул, 2 1",жилое,8/5/2021,8/15/2021
606,"Химки г, Новогорск мкр, Заречная ул, 2 2",жилое,8/5/2021,8/15/2021
607,"Химки г, Новогорск мкр, Заречная ул, 2 3",жилое,8/5/2021,8/15/2021
608,"Химки г, Новогорск мкр, Заречная ул, 3 1",жилое,8/5/2021,8/15/2021
609,"Химки г, Новогорск мкр, Заречная ул, 3 2",жилое,8/5/2021,8/15/2021
610,"Химки г, Новогорск мкр, Заречная ул, 3 3",жилое,8/5/2021,8/15/2021
611,"Химки г, Новогорск мкр, Заречная ул, 4 1",жилое,8/5/2021,8/15/2021
612,"Химки г, Новогорск мкр, Заречная ул, 4 2",жилое,8/5/2021,8/15/2021
613,"Химки г, Новогорск мкр, Заречная ул, 4 3",жилое,8/5/2021,8/15/2021
614,"Химки г, Новогорск мкр, Заречная ул, 5 1",жилое,8/5/2021,8/15/2021
615,"Химки г, Новогорск мкр, Заречная ул, 5 2",жилое,8/5/2021,8/15/2021
616,"Химки г, Новогорск мкр, Заречная ул, 6 1",жилое,8/5/2021,8/15/2021
617,"Химки г, Новогорск мкр, Заречная ул, 6 2",жилое,8/5/2021,8/15/2021
618,"Химки г, Новогорск мкр, Заречная ул, 7 1",жилое,8/5/2021,8/15/2021
619,"Химки г, Новогорск мкр, Заречная ул, 7 2",жилое,8/5/2021,8/15/2021
620,"Химки г, Новогорск мкр, Заречная ул, 7 3",жилое,8/5/2021,8/15/2021
621,"Химки г, Новогорск мкр, Олимпийская ул, 28",жилое,8/5/2021,8/15/2021
622,"Химки г, Озерная ул, 10",жилое,7/19/2021,7/30/2021
623,"Химки г, Озерная ул, 2",жилое,6/21/2021,7/2/2021
624,"Химки г, Озерная ул, 4",жилое,6/7/2021,6/18/2021
625,"Химки г, Озерная ул, 8",жилое,7/5/2021,7/16/2021
626,"Химки г, Опанасенко ул, 5 1",жилое,8/17/2021,8/29/2021
627,"Химки г, Опанасенко ул, 5 2",жилое,8/17/2021,8/29/2021
628,"Химки г, Опанасенко ул, 5 3",жилое,8/17/2021,8/29/2021
629,"Химки г, Осипенко ул, 4/6",жилое,8/2/2021,8/16/2021
630,"Химки г, Павлова ул, 3",жилое,8/17/2021,8/29/2021
631,"Химки г, Павлова ул, 5",жилое,8/17/2021,8/29/2021
632,"Химки г, Павлова ул, 6",жилое,8/17/2021,8/29/2021
633,"Химки г, Павлова ул, 6 А",жилое,8/17/2021,8/29/2021
634,"Химки г, Павлова ул, 7",жилое,8/17/2021,8/29/2021
635,"Химки г, Панфилова ул, 1",жилое,6/30/2021,7/14/2021
636,"Химки г, Панфилова ул, 10",жилое,6/30/2021,7/14/2021
637,"Химки г, Панфилова ул, 11",жилое,6/30/2021,7/14/2021
638,"Химки г, Панфилова ул, 12",жилое,6/30/2021,7/14/2021
639,"Химки г, Панфилова ул, 13",жилое,6/30/2021,7/14/2021
640,"Химки г, Панфилова ул, 15",жилое,6/30/2021,7/14/2021
641,"Химки г, Панфилова ул, 16",жилое,6/30/2021,7/14/2021
642,"Химки г, Панфилова ул, 17",жилое,6/30/2021,7/14/2021
643,"Химки г, Панфилова ул, 18",жилое,6/30/2021,7/14/2021
644,"Химки г, Панфилова ул, 2",жилое,6/30/2021,7/14/2021
645,"Химки г, Панфилова ул, 3",жилое,6/30/2021,7/14/2021
646,"Химки г, Панфилова ул, 4",жилое,6/30/2021,7/14/2021
647,"Химки г, Панфилова ул, 8",жилое,6/30/2021,7/14/2021
648,"Химки г, Панфилова ул, 9",жилое,6/30/2021,7/14/2021
649,"Химки г, Парковая ул, 12",жилое,6/1/2021,6/15/2021
650,"Химки г, Парковая ул, 5",жилое,6/30/2021,7/14/2021
651,"Химки г, Парковая ул, 6",жилое,6/30/2021,7/14/2021
652,"Химки г, Парковая ул, 8",жилое,6/30/2021,7/14/2021
653,"Химки г, Парковая ул, 9",жилое,6/30/2021,7/14/2021
654,"Химки г, Первомайская ул, 14",жилое,6/1/2021,6/15/2021
655,"Химки г, Первомайская ул, 16",жилое,6/1/2021,6/15/2021
656,"Химки г, Первомайская ул, 3/1",жилое,7/29/2021,8/11/2021
657,"Химки г, Первомайская ул, 4",жилое,7/29/2021,8/11/2021
658,"Химки г, Первомайская ул, 5",жилое,7/29/2021,8/11/2021
659,"Химки г, Планерная мкр, 1 1",жилое,9/3/2021,9/17/2021
660,"Химки г, Планерная мкр, 1 2",жилое,9/3/2021,9/17/2021
661,"Химки г, Планерная мкр, 11 1",жилое,6/10/2021,6/23/2021
662,"Химки г, Планерная мкр, 11 2",жилое,6/10/2021,6/23/2021
663,"Химки г, Планерная мкр, 15",жилое,6/10/2021,6/23/2021
664,"Химки г, Планерная мкр, 16",жилое,6/10/2021,6/23/2021
665,"Химки г, Планерная мкр, 17",жилое,6/10/2021,6/23/2021
666,"Химки г, Планерная мкр, 18",жилое,6/10/2021,6/23/2021
667,"Химки г, Планерная мкр, 19",жилое,6/10/2021,6/23/2021
668,"Химки г, Планерная мкр, 20",жилое,6/10/2021,6/23/2021
669,"Химки г, Планерная мкр, 21",жилое,6/10/2021,6/23/2021
670,"Химки г, Планерная мкр, 6",жилое,6/10/2021,6/23/2021
671,"Химки г, Планерная мкр, 7",жилое,6/10/2021,6/23/2021
672,"Химки г, Планерная мкр, 8",жилое,6/10/2021,6/23/2021
673,"Химки г, Планерная мкр, 9",жилое,6/10/2021,6/23/2021
674,"Химки г, Победы ул, 1/13",жилое,8/17/2021,8/29/2021
675,"Химки г, Победы ул, 10",жилое,8/17/2021,8/29/2021
676,"Химки г, Победы ул, 2/15",жилое,8/17/2021,8/29/2021
677,"Химки г, Победы ул, 3",жилое,8/17/2021,8/29/2021
678,"Химки г, Победы ул, 4",жилое,8/17/2021,8/29/2021
679,"Химки г, Победы ул, 6/20",жилое,8/17/2021,8/29/2021
680,"Химки г, Победы ул, 8/15",жилое,8/17/2021,8/29/2021
681,"Химки г, Победы ул, 9",жилое,8/17/2021,8/29/2021
682,"Химки г, Подрезково мкр, Жаринова ул, 1",жилое,7/1/2021,7/15/2021
683,"Химки г, Подрезково мкр, Жаринова ул, 10",жилое,7/1/2021,7/15/2021
684,"Химки г, Подрезково мкр, Жаринова ул, 11",жилое,7/1/2021,7/15/2021
685,"Химки г, Подрезково мкр, Жаринова ул, 12",жилое,7/1/2021,7/15/2021
686,"Химки г, Подрезково мкр, Жаринова ул, 13",жилое,7/1/2021,7/15/2021
687,"Химки г, Подрезково мкр, Жаринова ул, 14",жилое,7/1/2021,7/15/2021
688,"Химки г, Подрезково мкр, Жаринова ул, 15",жилое,7/1/2021,7/15/2021
689,"Химки г, Подрезково мкр, Жаринова ул, 3",жилое,7/1/2021,7/15/2021
690,"Химки г, Подрезково мкр, Жаринова ул, 5",жилое,7/1/2021,7/15/2021
691,"Химки г, Подрезково мкр, Жаринова ул, 6",жилое,7/1/2021,7/15/2021
692,"Химки г, Подрезково мкр, Жаринова ул, 8",жилое,7/1/2021,7/15/2021
693,"Химки г, Подрезково мкр, Жаринова ул, 9",жилое,7/1/2021,7/15/2021
694,"Химки г, Подрезково мкр, Железнодорожная ул, 1",жилое,8/12/2021,8/26/2021
695,"Химки г, Подрезково мкр, Железнодорожная ул, 2",жилое,8/12/2021,8/26/2021
696,"Химки г, Подрезково мкр, Железнодорожная ул, 2 А",жилое,8/12/2021,8/26/2021
697,"Химки г, Подрезково мкр, Лесная 1-я ул, 10 1",жилое,7/6/2021,7/16/2021
698,"Химки г, Подрезково мкр, Лесная 1-я ул, 10 2",жилое,7/6/2021,7/16/2021
699,"Химки г, Подрезково мкр, Лесная 1-я ул, 2",жилое,7/6/2021,7/16/2021
700,"Химки г, Подрезково мкр, Лесная 1-я ул, 4",жилое,7/6/2021,7/16/2021
701,"Химки г, Подрезково мкр, Лесная 1-я ул, 6",жилое,7/6/2021,7/16/2021
702,"Химки г, Подрезково мкр, Лесная 1-я ул, 8",жилое,7/6/2021,7/16/2021
703,"Химки г, Подрезково мкр, Мира ул, 1",жилое,7/1/2021,7/15/2021
704,"Химки г, Подрезково мкр, Мира ул, 2",жилое,7/1/2021,7/15/2021
705,"Химки г, Подрезково мкр, Мира ул, 3",жилое,7/1/2021,7/15/2021
706,"Химки г, Подрезково мкр, Мира ул, 4",жилое,7/1/2021,7/15/2021
707,"Химки г, Подрезково мкр, Московская ул, 1",жилое,8/12/2021,8/26/2021
708,"Химки г, Подрезково мкр, Московская ул, 2",жилое,8/12/2021,8/26/2021
709,"Химки г, Подрезково мкр, Московская ул, 3",жилое,8/12/2021,8/26/2021
710,"Химки г, Подрезково мкр, Новозаводская ул, 1",жилое,8/12/2021,8/26/2021
711,"Химки г, Подрезково мкр, Новозаводская ул, 10",жилое,8/12/2021,8/26/2021
712,"Химки г, Подрезково мкр, Новозаводская ул, 11",жилое,8/12/2021,8/26/2021
713,"Химки г, Подрезково мкр, Новозаводская ул, 12",жилое,8/12/2021,8/26/2021
714,"Химки г, Подрезково мкр, Новозаводская ул, 2",жилое,8/12/2021,8/26/2021
715,"Химки г, Подрезково мкр, Новозаводская ул, 3",жилое,8/12/2021,8/26/2021
716,"Химки г, Подрезково мкр, Новозаводская ул, 4",жилое,8/12/2021,8/26/2021
717,"Химки г, Подрезково мкр, Новозаводская ул, 5",жилое,8/12/2021,8/26/2021
718,"Химки г, Подрезково мкр, Новозаводская ул, 5 А",жилое,8/12/2021,8/26/2021
719,"Химки г, Подрезково мкр, Новозаводская ул, 6",жилое,8/12/2021,8/26/2021
720,"Химки г, Подрезково мкр, Новозаводская ул, 7",жилое,8/12/2021,8/26/2021
721,"Химки г, Подрезково мкр, Новозаводская ул, 8",жилое,8/12/2021,8/26/2021
722,"Химки г, Подрезково мкр, Новозаводская ул, 9",жилое,8/12/2021,8/26/2021
723,"Химки г, Подрезково мкр, Северная ул, 1",жилое,7/1/2021,7/15/2021
724,"Химки г, Подрезково мкр, Северная ул, 2",жилое,7/1/2021,7/15/2021
725,"Химки г, Подрезково мкр, Советская ул, 1",жилое,7/1/2021,7/15/2021
726,"Химки г, Подрезково мкр, Советская ул, 2",жилое,7/1/2021,7/15/2021
727,"Химки г, Подрезково мкр, Советская ул, 7",жилое,7/1/2021,7/15/2021
728,"Химки г, Подрезково мкр, Тепличный пр-д, 4",жилое,7/1/2021,7/15/2021
729,"Химки г, Подрезково мкр, Тепличный пр-д, 5",жилое,7/1/2021,7/15/2021
730,"Химки г, Подрезково мкр, Тепличный пр-д, 6",жилое,7/1/2021,7/15/2021
731,"Химки г, Подрезково мкр, Тепличный пр-д, 7",жилое,7/1/2021,7/15/2021
732,"Химки г, Подрезково мкр, Тепличный пр-д, 8",жилое,7/1/2021,7/15/2021
733,"Химки г, Подрезково мкр, Центральная ул, 1",жилое,7/1/2021,7/15/2021
734,"Химки г, Подрезково мкр, Центральная ул, 3",жилое,7/1/2021,7/15/2021
735,"Химки г, Подрезково мкр, Центральная ул, 4 1",жилое,7/6/2021,7/16/2021
736,"Химки г, Подрезково мкр, Центральная ул, 4 А",жилое,7/6/2021,7/16/2021
737,"Химки г, Подрезково мкр, Центральная ул, 4 Б",жилое,7/6/2021,7/16/2021
738,"Химки г, Подрезково мкр, Центральная ул, 4 Г",жилое,7/6/2021,7/16/2021
739,"Химки г, Подрезково мкр, Центральная ул, 4 Д",жилое,7/6/2021,7/16/2021
740,"Химки г, Подрезково мкр, Центральная ул, 5",жилое,7/1/2021,7/15/2021
741,"Химки г, Подрезково мкр, Центральная ул, 6 1",жилое,7/6/2021,7/16/2021
742,"Химки г, Подрезково мкр, Центральная ул, 6 2",жилое,7/6/2021,7/16/2021
743,"Химки г, Подрезково мкр, Центральная ул, 7",жилое,7/1/2021,7/15/2021
744,"Химки г, Подрезково мкр, Школьная ул, 1",жилое,8/12/2021,8/25/2021
745,"Химки г, Подрезково мкр, Школьная ул, 1/2",жилое,8/12/2021,8/25/2021
746,"Химки г, Пролетарская ул, 1",жилое,7/29/2021,8/11/2021
747,"Химки г, Пролетарская ул, 11",жилое,6/1/2021,6/15/2021
748,"Химки г, Пролетарская ул, 12/15",жилое,6/1/2021,6/15/2021
749,"Химки г, Пролетарская ул, 15/18",жилое,6/1/2021,6/15/2021
750,"Химки г, Пролетарская ул, 17",жилое,7/29/2021,8/11/2021
751,"Химки г, Пролетарская ул, 25",жилое,6/1/2021,6/15/2021
752,"Химки г, Пролетарская ул, 3",жилое,7/29/2021,8/11/2021
753,"Химки г, Пролетарская ул, 4",жилое,7/29/2021,8/11/2021
754,"Химки г, Пролетарская ул, 5",жилое,6/1/2021,6/15/2021
755,"Химки г, Пролетарская ул, 5 А",жилое,6/1/2021,6/15/2021
756,"Химки г, Пролетарская ул, 6",жилое,6/1/2021,6/15/2021
757,"Химки г, Пролетарская ул, 7",жилое,6/1/2021,6/15/2021
758,"Химки г, Пролетарская ул, 9",жилое,6/1/2021,6/15/2021
759,"Химки г, Р.Люксембург ул, 1",жилое,7/29/2021,8/11/2021
760,"Химки г, Р.Люксембург ул, 11/13",жилое,6/1/2021,6/15/2021
761,"Химки г, Р.Люксембург ул, 2",жилое,7/29/2021,8/11/2021
762,"Химки г, Р.Люксембург ул, 4",жилое,7/29/2021,8/11/2021
763,"Химки г, Р.Люксембург ул, 5",жилое,7/29/2021,8/11/2021
764,"Химки г, Родионова ул, 1",жилое,7/15/2021,7/29/2021
765,"Химки г, Родионова ул, 10",жилое,7/15/2021,7/29/2021
766,"Химки г, Родионова ул, 11",жилое,7/15/2021,7/29/2021
767,"Химки г, Родионова ул, 12",жилое,7/15/2021,7/29/2021
768,"Химки г, Родионова ул, 13/18",жилое,7/15/2021,7/29/2021
769,"Химки г, Родионова ул, 2",жилое,7/15/2021,7/29/2021
770,"Химки г, Родионова ул, 2 А",жилое,7/15/2021,7/29/2021
771,"Химки г, Родионова ул, 3",жилое,7/15/2021,7/29/2021
772,"Химки г, Родионова ул, 4",жилое,7/15/2021,7/29/2021
773,"Химки г, Родионова ул, 5",жилое,7/15/2021,7/29/2021
774,"Химки г, Родионова ул, 6",жилое,7/15/2021,7/29/2021
775,"Химки г, Родионова ул, 7",жилое,7/15/2021,7/29/2021
776,"Химки г, Родионова ул, 7 А",жилое,7/15/2021,7/29/2021
777,"Химки г, Родионова ул, 7 Б",жилое,7/15/2021,7/29/2021
778,"Химки г, Родионова ул, 8",жилое,7/15/2021,7/29/2021
779,"Химки г, Родионова ул, 9",жилое,7/15/2021,7/29/2021
780,"Химки г, Родионова ул, 9 А",жилое,7/15/2021,7/29/2021
781,"Химки г, Союзная ул, 1",жилое,6/1/2021,6/15/2021
782,"Химки г, Союзная ул, 3",жилое,6/1/2021,6/15/2021
783,"Химки г, Союзная ул, 5",жилое,6/1/2021,6/15/2021
784,"Химки г, Союзная ул, 5/2",жилое,6/1/2021,6/15/2021
785,"Химки г, Союзная ул, 5/3",жилое,6/1/2021,6/15/2021
786,"Химки г, Спартаковская ул, 1",жилое,8/2/2021,8/16/2021
787,"Химки г, Спартаковская ул, 11",жилое,8/2/2021,8/16/2021
788,"Химки г, Спартаковская ул, 12",жилое,8/2/2021,8/16/2021
789,"Химки г, Спартаковская ул, 16",жилое,8/2/2021,8/16/2021
790,"Химки г, Спартаковская ул, 16 А",жилое,8/2/2021,8/16/2021
791,"Химки г, Спартаковская ул, 18",жилое,8/2/2021,8/16/2021
792,"Химки г, Спартаковская ул, 3/8",жилое,8/2/2021,8/16/2021
793,"Химки г, Станиславского ул, 10",жилое,8/17/2021,8/30/2021
794,"Химки г, Станиславского ул, 4",жилое,8/17/2021,8/30/2021
795,"Химки г, Строителей ул, 10",жилое,6/30/2021,7/14/2021
796,"Химки г, Строителей ул, 3",жилое,6/15/2021,6/29/2021
797,"Химки г, Строителей ул, 3 А",жилое,6/15/2021,6/29/2021
798,"Химки г, Строителей ул, 4",жилое,6/30/2021,7/14/2021
799,"Химки г, Строителей ул, 4 А",жилое,6/30/2021,7/14/2021
800,"Химки г, Строителей ул, 4 В",жилое,6/30/2021,7/14/2021
801,"Химки г, Строителей ул, 5",жилое,6/15/2021,6/29/2021
802,"Химки г, Строителей ул, 5 А",жилое,6/15/2021,6/29/2021
803,"Химки г, Строителей ул, 6",жилое,6/30/2021,7/14/2021
804,"Химки г, Строителей ул, 6 А",жилое,6/30/2021,7/14/2021
805,"Химки г, Строителей ул, 6 Б",жилое,6/30/2021,7/14/2021
806,"Химки г, Строителей ул, 7",жилое,6/15/2021,6/29/2021
807,"Химки г, Строителей ул, 7 А",жилое,6/15/2021,6/29/2021
808,"Химки г, Строителей ул, 8",жилое,6/30/2021,7/14/2021
809,"Химки г, Сходня мкр, 7 Гвардейской Дивизии ул, 4 1",жилое,6/1/2021,6/14/2021
810,"Химки г, Сходня мкр, 7 Гвардейской Дивизии ул, 4 2",жилое,6/1/2021,6/14/2021
811,"Химки г, Сходня мкр, Банный пер, 3",жилое,6/1/2021,6/14/2021
812,"Химки г, Сходня мкр, Больничный проезд, 1",жилое,8/17/2021,8/31/2021
813,"Химки г, Сходня мкр, Вишневая ул, 10",жилое,8/17/2021,8/31/2021
814,"Химки г, Сходня мкр, Вишневая ул, 12",жилое,8/17/2021,8/31/2021
815,"Химки г, Сходня мкр, Вишневая ул, 14",жилое,8/17/2021,8/31/2021
816,"Химки г, Сходня мкр, Вишневая ул, 15",жилое,8/17/2021,8/31/2021
817,"Химки г, Сходня мкр, Вишневая ул, 19",жилое,8/17/2021,8/31/2021
818,"Химки г, Сходня мкр, Горная ул, 24",жилое,6/1/2021,6/14/2021
819,"Химки г, Сходня мкр, Горная ул, 26",жилое,6/1/2021,6/14/2021
820,"Химки г, Сходня мкр, Горная ул, 28",жилое,6/1/2021,6/14/2021
821,"Химки г, Сходня мкр, Горная ул, 31",жилое,6/1/2021,6/14/2021
822,"Химки г, Сходня мкр, Дачный 1-й пер, 11",жилое,8/17/2021,8/31/2021
823,"Химки г, Сходня мкр, Дачный 2-й пер, 17",жилое,8/17/2021,8/31/2021
824,"Химки г, Сходня мкр, Железнодорожная ул, 33 1",жилое,6/15/2021,6/28/2021
825,"Химки г, Сходня мкр, Железнодорожная ул, 33 2",жилое,6/15/2021,6/28/2021
826,"Химки г, Сходня мкр, Железнодорожная ул, 33 3",жилое,6/15/2021,6/28/2021
827,"Химки г, Сходня мкр, Ленина ул, 33",жилое,6/1/2021,6/14/2021
828,"Химки г, Сходня мкр, Микояна ул, 1/53",жилое,6/1/2021,6/14/2021
829,"Химки г, Сходня мкр, Микояна ул, 10 1",жилое,7/12/2021,7/25/2021
830,"Химки г, Сходня мкр, Микояна ул, 10 2",жилое,7/12/2021,7/25/2021
831,"Химки г, Сходня мкр, Микояна ул, 10 3",жилое,7/12/2021,7/25/2021
832,"Химки г, Сходня мкр, Микояна ул, 10 4",жилое,7/12/2021,7/25/2021
833,"Химки г, Сходня мкр, Микояна ул, 10 5",жилое,7/12/2021,7/25/2021
834,"Химки г, Сходня мкр, Микояна ул, 10 7",жилое,7/12/2021,7/25/2021
835,"Химки г, Сходня мкр, Микояна ул, 10 8",жилое,7/12/2021,7/25/2021
836,"Химки г, Сходня мкр, Микояна ул, 23 1",жилое,6/1/2021,6/10/2021
837,"Химки г, Сходня мкр, Микояна ул, 23 2",жилое,6/1/2021,6/10/2021
838,"Химки г, Сходня мкр, Микояна ул, 25/17",жилое,8/17/2021,8/31/2021
839,"Химки г, Сходня мкр, Микояна ул, 3",жилое,6/1/2021,6/14/2021
840,"Химки г, Сходня мкр, Микояна ул, 3 А",жилое,6/1/2021,6/14/2021
841,"Химки г, Сходня мкр, Микояна ул, 46",жилое,8/17/2021,8/31/2021
842,"Химки г, Сходня мкр, Микояна ул, 48",жилое,8/17/2021,8/31/2021
843,"Химки г, Сходня мкр, Микояна ул, 5",жилое,6/1/2021,6/14/2021
844,"Химки г, Сходня мкр, Мичурина ул, 14",жилое,8/17/2021,8/31/2021
845,"Химки г, Сходня мкр, Мичурина ул, 15",жилое,8/17/2021,8/31/2021
846,"Химки г, Сходня мкр, Мичурина ул, 17",жилое,8/17/2021,8/31/2021
847,"Химки г, Сходня мкр, Мичурина ул, 24",жилое,6/15/2021,6/29/2021
848,"Химки г, Сходня мкр, Мичурина ул, 26",жилое,6/15/2021,6/29/2021
849,"Химки г, Сходня мкр, Мичурина ул, 28",жилое,6/15/2021,6/29/2021
850,"Химки г, Сходня мкр, Мичурина ул, 29",жилое,6/15/2021,6/29/2021
851,"Химки г, Сходня мкр, Мичурина ул, 31",жилое,6/15/2021,6/29/2021
852,"Химки г, Сходня мкр, Мичурина ул, 33",жилое,6/15/2021,6/29/2021
853,"Химки г, Сходня мкр, Мичурина ул, 35",жилое,6/15/2021,6/29/2021
854,"Химки г, Сходня мкр, Мичурина ул, 37",жилое,6/15/2021,6/29/2021
855,"Химки г, Сходня мкр, Мичурина ул, 39",жилое,6/15/2021,6/29/2021
856,"Химки г, Сходня мкр, Мичурина ул, 4",жилое,8/17/2021,8/31/2021
857,"Химки г, Сходня мкр, Мичурина ул, 6",жилое,8/17/2021,8/31/2021
858,"Химки г, Сходня мкр, Мичуринский 2-й туп, 1",жилое,8/17/2021,8/31/2021
859,"Химки г, Сходня мкр, Мичуринский 2-й туп, 16",жилое,8/17/2021,8/31/2021
860,"Химки г, Сходня мкр, Мичуринский 2-й туп, 4",жилое,8/17/2021,8/31/2021
861,"Химки г, Сходня мкр, Мичуринский 2-й туп, 6",жилое,8/17/2021,8/31/2021
862,"Химки г, Сходня мкр, Мичуринский 2-й туп, 7 1",жилое,8/17/2021,8/31/2021
863,"Химки г, Сходня мкр, Мичуринский 2-й туп, 8",жилое,8/17/2021,8/31/2021
864,"Химки г, Сходня мкр, Мичуринский 3-й туп, 5",жилое,8/17/2021,8/31/2021
865,"Химки г, Сходня мкр, Мичуринский 3-й туп, 8",жилое,8/17/2021,8/31/2021
866,"Химки г, Сходня мкр, Некрасова ул, 6",жилое,8/17/2021,8/31/2021
867,"Химки г, Сходня мкр, Новая ул, 1",жилое,6/15/2021,6/29/2021
868,"Химки г, Сходня мкр, Овражная ул, 24 1",жилое,6/28/2021,7/8/2021
869,"Химки г, Сходня мкр, Овражная ул, 24 10",жилое,6/28/2021,7/8/2021
870,"Химки г, Сходня мкр, Овражная ул, 24 11",жилое,6/28/2021,7/8/2021
871,"Химки г, Сходня мкр, Овражная ул, 24 12",жилое,6/28/2021,7/8/2021
872,"Химки г, Сходня мкр, Овражная ул, 24 13",жилое,6/28/2021,7/8/2021
873,"Химки г, Сходня мкр, Овражная ул, 24 14",жилое,6/28/2021,7/8/2021
874,"Химки г, Сходня мкр, Овражная ул, 24 15",жилое,6/28/2021,7/8/2021
875,"Химки г, Сходня мкр, Овражная ул, 24 16",жилое,6/28/2021,7/8/2021
876,"Химки г, Сходня мкр, Овражная ул, 24 17",жилое,6/28/2021,7/8/2021
877,"Химки г, Сходня мкр, Овражная ул, 24 2",жилое,6/28/2021,7/8/2021
878,"Химки г, Сходня мкр, Овражная ул, 24 3",жилое,6/28/2021,7/8/2021
879,"Химки г, Сходня мкр, Овражная ул, 24 4",жилое,6/28/2021,7/8/2021
880,"Химки г, Сходня мкр, Овражная ул, 24 5",жилое,6/28/2021,7/8/2021
881,"Химки г, Сходня мкр, Овражная ул, 24 6",жилое,6/28/2021,7/8/2021
882,"Химки г, Сходня мкр, Овражная ул, 24 7",жилое,6/28/2021,7/8/2021
883,"Химки г, Сходня мкр, Овражная ул, 24 8",жилое,6/28/2021,7/8/2021
884,"Химки г, Сходня мкр, Овражная ул, 24 9",жилое,6/28/2021,7/8/2021
885,"Химки г, Сходня мкр, Овражная ул, 4",жилое,6/1/2021,6/11/2021
886,"Химки г, Сходня мкр, Октябрьская ул, 1",жилое,8/17/2021,8/31/2021
887,"Химки г, Сходня мкр, Октябрьская ул, 11",жилое,8/17/2021,8/31/2021
888,"Химки г, Сходня мкр, Октябрьская ул, 31",жилое,8/17/2021,8/31/2021
889,"Химки г, Сходня мкр, Октябрьская ул, 32",жилое,8/17/2021,8/31/2021
890,"Химки г, Сходня мкр, Октябрьская ул, 36",жилое,8/17/2021,8/31/2021
891,"Химки г, Сходня мкр, Октябрьская ул, 5",жилое,8/17/2021,8/31/2021
892,"Химки г, Сходня мкр, Папанина ул, 38 1",жилое,8/17/2021,8/31/2021
893,"Химки г, Сходня мкр, Папанина ул, 38 2",жилое,8/17/2021,8/31/2021
894,"Химки г, Сходня мкр, Папанина ул, 38 3",жилое,8/17/2021,8/31/2021
895,"Химки г, Сходня мкр, Папанина ул, 38 4",жилое,8/17/2021,8/31/2021
896,"Химки г, Сходня мкр, Папанина ул, 38 5",жилое,8/17/2021,8/31/2021
897,"Химки г, Сходня мкр, Первомайская ул, 11",жилое,6/1/2021,6/14/2021
898,"Химки г, Сходня мкр, Первомайская ул, 13",жилое,6/1/2021,6/14/2021
899,"Химки г, Сходня мкр, Первомайская ул, 15",жилое,6/1/2021,6/14/2021
900,"Химки г, Сходня мкр, Первомайская ул, 17",жилое,6/1/2021,6/14/2021
901,"Химки г, Сходня мкр, Первомайская ул, 19",жилое,6/1/2021,6/14/2021
902,"Химки г, Сходня мкр, Первомайская ул, 21",жилое,6/1/2021,6/14/2021
903,"Химки г, Сходня мкр, Первомайская ул, 22",жилое,6/1/2021,6/14/2021
904,"Химки г, Сходня мкр, Первомайская ул, 24",жилое,6/1/2021,6/14/2021
905,"Химки г, Сходня мкр, Первомайская ул, 25",жилое,6/1/2021,6/14/2021
906,"Химки г, Сходня мкр, Первомайская ул, 25/2",жилое,6/1/2021,6/14/2021
907,"Химки г, Сходня мкр, Первомайская ул, 26",жилое,6/1/2021,6/14/2021
908,"Химки г, Сходня мкр, Первомайская ул, 27",жилое,6/1/2021,6/14/2021
909,"Химки г, Сходня мкр, Первомайская ул, 27 А",жилое,6/1/2021,6/14/2021
910,"Химки г, Сходня мкр, Первомайская ул, 28",жилое,6/1/2021,6/14/2021
911,"Химки г, Сходня мкр, Первомайская ул, 28/1",жилое,6/1/2021,6/14/2021
912,"Химки г, Сходня мкр, Первомайская ул, 28/2",жилое,6/1/2021,6/14/2021
913,"Химки г, Сходня мкр, Первомайская ул, 30",жилое,6/1/2021,6/14/2021
914,"Химки г, Сходня мкр, Первомайская ул, 36",жилое,6/1/2021,6/14/2021
915,"Химки г, Сходня мкр, Первомайская ул, 37 1",жилое,6/1/2021,6/14/2021
916,"Химки г, Сходня мкр, Первомайская ул, 37 2",жилое,6/1/2021,6/14/2021
917,"Химки г, Сходня мкр, Первомайская ул, 46",жилое,6/1/2021,6/14/2021
918,"Химки г, Сходня мкр, Первомайская ул, 47",жилое,6/1/2021,6/14/2021
919,"Химки г, Сходня мкр, Первомайская ул, 48",жилое,6/1/2021,6/14/2021
920,"Химки г, Сходня мкр, Первомайская ул, 49",жилое,6/1/2021,6/14/2021
921,"Химки г, Сходня мкр, Первомайская ул, 51",жилое,6/1/2021,6/14/2021
922,"Химки г, Сходня мкр, Первомайская ул, 55",жилое,6/1/2021,6/14/2021
923,"Химки г, Сходня мкр, Первомайская ул, 59",жилое,6/1/2021,6/14/2021
924,"Химки г, Сходня мкр, Первомайский 1-й туп, 2",жилое,6/1/2021,6/14/2021
925,"Химки г, Сходня мкр, Первомайский 1-й туп, 2 А",жилое,6/1/2021,6/14/2021
926,"Химки г, Сходня мкр, Тюкова ул, 10",жилое,6/15/2021,6/29/2021
927,"Химки г, Сходня мкр, Тюкова ул, 12",жилое,6/15/2021,6/29/2021
928,"Химки г, Сходня мкр, Тюкова ул, 14",жилое,6/15/2021,6/29/2021
929,"Химки г, Сходня мкр, Фрунзе ул, 36",жилое,6/1/2021,6/14/2021
930,"Химки г, Сходня мкр, Фрунзе ул, 38",жилое,6/1/2021,6/14/2021
931,"Химки г, Сходня мкр, Фрунзе ул, 42",жилое,6/1/2021,6/14/2021
932,"Химки г, Сходня мкр, Фрунзе ул, 42 А",жилое,6/1/2021,6/14/2021
933,"Химки г, Сходня мкр, Фрунзе ул, 44",жилое,6/1/2021,6/14/2021
934,"Химки г, Сходня мкр, Чапаева ул, 10",жилое,8/17/2021,8/31/2021
935,"Химки г, Сходня мкр, Чапаева ул, 17",жилое,8/17/2021,8/31/2021
936,"Химки г, Сходня мкр, Чапаева ул, 20",жилое,6/15/2021,6/29/2021
937,"Химки г, Сходня мкр, Чапаева ул, 21",жилое,6/15/2021,6/29/2021
938,"Химки г, Сходня мкр, Чапаева ул, 22/1 (Чапаевский 1-й пер, 1/22)",жилое,6/15/2021,6/29/2021
939,"Химки г, Сходня мкр, Чапаева ул, 26",жилое,6/15/2021,6/29/2021
940,"Химки г, Сходня мкр, Чапаева ул, 28",жилое,6/15/2021,6/29/2021
941,"Химки г, Сходня мкр, Чапаева ул, 3",жилое,8/17/2021,8/31/2021
942,"Химки г, Сходня мкр, Чапаева ул, 30",жилое,6/15/2021,6/29/2021
943,"Химки г, Сходня мкр, Чапаева ул, 5",жилое,8/17/2021,8/31/2021
944,"Химки г, Сходня мкр, Чапаева ул, 7",жилое,8/17/2021,8/31/2021
945,"Химки г, Сходня мкр, Чапаевский 2-й пер, 10",жилое,8/17/2021,8/31/2021
946,"Химки г, Сходня мкр, Чапаевский 2-й пер, 4",жилое,8/17/2021,8/31/2021
947,"Химки г, Сходня мкр, Чапаевский 2-й пер, 6",жилое,8/17/2021,8/31/2021
948,"Химки г, Сходня мкр, Чапаевский 2-й пер, 8",жилое,8/17/2021,8/31/2021
949,"Химки г, Сходня мкр, Юбилейный проезд, 10",жилое,8/17/2021,8/31/2021
950,"Химки г, Сходня мкр, Юбилейный проезд, 12",жилое,8/17/2021,8/31/2021
951,"Химки г, Сходня мкр, Юбилейный проезд, 14",жилое,8/17/2021,8/31/2021
952,"Химки г, Сходня мкр, Юбилейный проезд, 16",жилое,6/1/2021,6/14/2021
953,"Химки г, Сходня мкр, Юбилейный проезд, 6",жилое,8/17/2021,8/31/2021
954,"Химки г, Транспортный проезд, 15",жилое,7/19/2021,8/2/2021
955,"Химки г, Фирсановка мкр, Маяковского ул, 1",жилое,6/1/2021,6/14/2021
956,"Химки г, Фирсановка мкр, Московская ул, 2 А",жилое,6/1/2021,6/14/2021
957,"Химки г, Фирсановка мкр, Речная ул, 10",жилое,6/1/2021,6/14/2021
958,"Химки г, Фирсановка мкр, Речная ул, 12 А",жилое,6/1/2021,6/14/2021
959,"Химки г, Фирсановка мкр, Речная ул, 14",жилое,6/1/2021,6/14/2021
960,"Химки г, Фирсановка мкр, Речная ул, 16",жилое,6/1/2021,6/14/2021
961,"Химки г, Фирсановка мкр, Речная ул, 2",жилое,6/1/2021,6/14/2021
962,"Химки г, Фирсановка мкр, Речная ул, 2 А",жилое,6/1/2021,6/14/2021
963,"Химки г, Фирсановка мкр, Речная ул, 4",жилое,6/1/2021,6/14/2021
964,"Химки г, Фирсановка мкр, Речная ул, 6",жилое,6/1/2021,6/14/2021
965,"Химки г, Фирсановка мкр, Речная ул, 8",жилое,6/1/2021,6/14/2021
966,"Химки г, Чапаева ул, 11",жилое,7/21/2021,8/3/2021
967,"Химки г, Чапаева ул, 3",жилое,7/21/2021,8/3/2021
968,"Химки г, Чапаева ул, 5",жилое,7/21/2021,8/3/2021
969,"Химки г, Чапаева ул, 5 А",жилое,7/21/2021,8/3/2021
970,"Химки г, Чапаева ул, 7",жилое,7/21/2021,8/3/2021
971,"Химки г, Чапаева ул, 9",жилое,7/21/2021,8/3/2021
972,"Химки г, Чернышевского ул, 1",жилое,8/17/2021,8/29/2021
973,"Химки г, Чернышевского ул, 3",жилое,8/17/2021,8/29/2021
974,"Химки г, Чкалова ул, 10/6",жилое,8/17/2021,8/29/2021
975,"Химки г, Чкалова ул, 3",жилое,8/17/2021,8/29/2021
976,"Химки г, Чкалова ул, 4",жилое,8/17/2021,8/29/2021
977,"Химки г, Чкалова ул, 8",жилое,8/17/2021,8/29/2021
978,"Химки г, Чкалова ул, 9/19",жилое,8/17/2021,8/29/2021
979,"Химки г, Энгельса ул, 1",жилое,6/1/2021,6/15/2021
980,"Химки г, Энгельса ул, 10/19",жилое,6/1/2021,6/15/2021
981,"Химки г, Энгельса ул, 14 А",жилое,6/1/2021,6/15/2021
982,"Химки г, Энгельса ул, 16",жилое,6/1/2021,6/15/2021
983,"Химки г, Энгельса ул, 19",жилое,6/1/2021,6/15/2021
984,"Химки г, Энгельса ул, 2",жилое,6/1/2021,6/15/2021
985,"Химки г, Энгельса ул, 20",жилое,6/1/2021,6/15/2021
986,"Химки г, Энгельса ул, 21",жилое,6/1/2021,6/15/2021
987,"Химки г, Энгельса ул, 23",жилое,6/1/2021,6/15/2021
988,"Химки г, Энгельса ул, 24",жилое,6/1/2021,6/15/2021
989,"Химки г, Энгельса ул, 25",жилое,6/1/2021,6/15/2021
990,"Химки г, Энгельса ул, 26",жилое,6/1/2021,6/15/2021
991,"Химки г, Энгельса ул, 27",жилое,6/1/2021,6/15/2021
992,"Химки г, Энгельса ул, 3",жилое,7/29/2021,8/11/2021
993,"Химки г, Энгельса ул, 4",жилое,6/1/2021,6/15/2021
994,"Химки г, Энгельса ул, 5",жилое,6/1/2021,6/15/2021
995,"Химки г, Энгельса ул, 6",жилое,6/1/2021,6/15/2021
996,"Химки г, Юбилейный пр-кт, 1 1",жилое,6/15/2021,6/29/2021
997,"Химки г, Юбилейный пр-кт, 1 2",жилое,6/15/2021,6/29/2021
998,"Химки г, Юбилейный пр-кт, 1 3",жилое,6/15/2021,6/29/2021
999,"Химки г, Юбилейный пр-кт, 10",жилое,6/15/2021,6/29/2021
1000,"Химки г, Юбилейный пр-кт, 12",жилое,6/15/2021,6/29/2021
1001,"Химки г, Юбилейный пр-кт, 14",жилое,6/15/2021,6/29/2021
1002,"Химки г, Юбилейный пр-кт, 16",жилое,6/15/2021,6/29/2021
1003,"Химки г, Юбилейный пр-кт, 18",жилое,6/15/2021,6/29/2021
1004,"Химки г, Юбилейный пр-кт, 20",жилое,6/15/2021,6/29/2021
1005,"Химки г, Юбилейный пр-кт, 22",жилое,6/15/2021,6/29/2021
1006,"Химки г, Юбилейный пр-кт, 24",жилое,6/15/2021,6/29/2021
1007,"Химки г, Юбилейный пр-кт, 26",жилое,6/15/2021,6/29/2021
1008,"Химки г, Юбилейный пр-кт, 28",жилое,6/15/2021,6/29/2021
1009,"Химки г, Юбилейный пр-кт, 3",жилое,6/15/2021,6/29/2021
1010,"Химки г, Юбилейный пр-кт, 30",жилое,6/15/2021,6/29/2021
1011,"Химки г, Юбилейный пр-кт, 32",жилое,6/15/2021,6/29/2021
1012,"Химки г, Юбилейный пр-кт, 33/2",жилое,6/15/2021,6/29/2021
1013,"Химки г, Юбилейный пр-кт, 35",жилое,6/15/2021,6/29/2021
1014,"Химки г, Юбилейный пр-кт, 38",жилое,6/15/2021,6/29/2021
1015,"Химки г, Юбилейный пр-кт, 4",жилое,6/15/2021,6/29/2021
1016,"Химки г, Юбилейный пр-кт, 40",жилое,6/15/2021,6/29/2021
1017,"Химки г, Юбилейный пр-кт, 41 А",жилое,6/15/2021,6/29/2021
1018,"Химки г, Юбилейный пр-кт, 41/1",жилое,6/15/2021,6/29/2021
1019,"Химки г, Юбилейный пр-кт, 42",жилое,6/15/2021,6/29/2021
1020,"Химки г, Юбилейный пр-кт, 43",жилое,6/15/2021,6/29/2021
1021,"Химки г, Юбилейный пр-кт, 44",жилое,6/15/2021,6/29/2021
1022,"Химки г, Юбилейный пр-кт, 45",жилое,6/15/2021,6/29/2021
1023,"Химки г, Юбилейный пр-кт, 46",жилое,6/15/2021,6/29/2021
1024,"Химки г, Юбилейный пр-кт, 47",жилое,6/15/2021,6/29/2021
1025,"Химки г, Юбилейный пр-кт, 48",жилое,6/15/2021,6/29/2021
1026,"Химки г, Юбилейный пр-кт, 49",жилое,6/15/2021,6/29/2021
1027,"Химки г, Юбилейный пр-кт, 5",жилое,6/15/2021,6/29/2021
1028,"Химки г, Юбилейный пр-кт, 50",жилое,6/15/2021,6/29/2021
1029,"Химки г, Юбилейный пр-кт, 51",жилое,6/15/2021,6/29/2021
1030,"Химки г, Юбилейный пр-кт, 52",жилое,6/15/2021,6/29/2021
1031,"Химки г, Юбилейный пр-кт, 54",жилое,6/15/2021,6/29/2021
1032,"Химки г, Юбилейный пр-кт, 56",жилое,6/15/2021,6/29/2021
1033,"Химки г, Юбилейный пр-кт, 58",жилое,6/15/2021,6/29/2021
1034,"Химки г, Юбилейный пр-кт, 6",жилое,6/15/2021,6/29/2021
1035,"Химки г, Юбилейный пр-кт, 60",жилое,6/30/2021,7/14/2021
1036,"Химки г, Юбилейный пр-кт, 62",жилое,6/15/2021,6/29/2021
1037,"Химки г, Юбилейный пр-кт, 64",жилое,6/30/2021,7/14/2021
1038,"Химки г, Юбилейный пр-кт, 66",жилое,6/30/2021,7/14/2021
1039,"Химки г, Юбилейный пр-кт, 66 А",жилое,6/30/2021,7/14/2021
1040,"Химки г, Юбилейный пр-кт, 66 Д",жилое,6/30/2021,7/14/2021
1041,"Химки г, Юбилейный пр-кт, 68",жилое,6/30/2021,7/14/2021
1042,"Химки г, Юбилейный пр-кт, 68 А",жилое,6/30/2021,7/14/2021
1043,"Химки г, Юбилейный пр-кт, 7",жилое,6/15/2021,6/29/2021
1044,"Химки г, Юбилейный пр-кт, 70",жилое,6/30/2021,7/14/2021
1045,"Химки г, Юбилейный пр-кт, 72",жилое,6/30/2021,7/14/2021
1046,"Химки г, Юбилейный пр-кт, 74",жилое,6/30/2021,7/14/2021
1047,"Химки г, Юбилейный пр-кт, 76",жилое,6/30/2021,7/14/2021
1048,"Химки г, Юбилейный пр-кт, 78",жилое,6/30/2021,7/14/2021
1049,"Химки г, Юбилейный пр-кт, 8",жилое,6/15/2021,6/29/2021
1050,"Химки г, Юбилейный пр-кт, 80",жилое,6/30/2021,7/14/2021
1051,"Химки г, Юбилейный пр-кт, 82",жилое,6/30/2021,7/14/2021
1052,"Химки г, Юбилейный пр-кт, 82 А",жилое,6/30/2021,7/14/2021
1053,"Химки г, Юбилейный пр-кт, 84",жилое,6/30/2021,7/14/2021
1054,"Химки г, Юбилейный пр-кт, 86",жилое,6/30/2021,7/14/2021
1055,"Химки г, Юбилейный пр-кт, 88",жилое,6/30/2021,7/14/2021
1056,"Химки г, Юбилейный пр-кт, 9/1",жилое,6/15/2021,6/29/2021
1057,"Химки г, Юннатов ул, 1",жилое,7/21/2021,8/3/2021
1058,"Химки г, Юннатов ул, 10",жилое,7/21/2021,8/3/2021
1059,"Химки г, Юннатов ул, 11",жилое,7/21/2021,8/3/2021
1060,"Химки г, Юннатов ул, 12 1",жилое,7/21/2021,8/3/2021
1061,"Химки г, Юннатов ул, 12 2",жилое,7/21/2021,8/3/2021
1062,"Химки г, Юннатов ул, 12 3",жилое,7/21/2021,8/3/2021
1063,"Химки г, Юннатов ул, 12 4",жилое,7/21/2021,8/3/2021
1064,"Химки г, Юннатов ул, 12 5",жилое,7/21/2021,8/3/2021
1065,"Химки г, Юннатов ул, 12 6",жилое,7/21/2021,8/3/2021
1066,"Химки г, Юннатов ул, 14",жилое,7/21/2021,8/3/2021
1067,"Химки г, Юннатов ул, 15",жилое,7/21/2021,8/3/2021
1068,"Химки г, Юннатов ул, 16",жилое,7/21/2021,8/3/2021
1069,"Химки г, Юннатов ул, 17",жилое,7/21/2021,8/3/2021
1070,"Химки г, Юннатов ул, 19",жилое,7/21/2021,8/3/2021
1071,"Химки г, Юннатов ул, 2",жилое,7/21/2021,8/3/2021
1072,"Химки г, Юннатов ул, 21 1",жилое,7/21/2021,8/3/2021
1073,"Химки г, Юннатов ул, 21 10",жилое,7/21/2021,8/3/2021
1074,"Химки г, Юннатов ул, 21 11",жилое,7/21/2021,8/3/2021
1075,"Химки г, Юннатов ул, 21 12",жилое,7/21/2021,8/3/2021
1076,"Химки г, Юннатов ул, 21 13",жилое,7/21/2021,8/3/2021
1077,"Химки г, Юннатов ул, 21 14",жилое,7/21/2021,8/3/2021
1078,"Химки г, Юннатов ул, 21 15",жилое,7/21/2021,8/3/2021
1079,"Химки г, Юннатов ул, 21 16",жилое,7/21/2021,8/3/2021
1080,"Химки г, Юннатов ул, 21 17",жилое,7/21/2021,8/3/2021
1081,"Химки г, Юннатов ул, 21 18",жилое,7/21/2021,8/3/2021
1082,"Химки г, Юннатов ул, 21 19",жилое,7/21/2021,8/3/2021
1083,"Химки г, Юннатов ул, 21 2",жилое,7/21/2021,8/3/2021
1084,"Химки г, Юннатов ул, 21 3",жилое,7/21/2021,8/3/2021
1085,"Химки г, Юннатов ул, 21 4",жилое,7/21/2021,8/3/2021
1086,"Химки г, Юннатов ул, 21 5",жилое,7/21/2021,8/3/2021
1087,"Химки г, Юннатов ул, 21 6",жилое,7/21/2021,8/3/2021
1088,"Химки г, Юннатов ул, 21 7",жилое,7/21/2021,8/3/2021
1089,"Химки г, Юннатов ул, 21 8",жилое,7/21/2021,8/3/2021
1090,"Химки г, Юннатов ул, 21 9",жилое,7/21/2021,8/3/2021
1091,"Химки г, Юннатов ул, 3",жилое,7/21/2021,8/3/2021
1092,"Химки г, Юннатов ул, 4",жилое,7/21/2021,8/3/2021
1093,"Химки г, Юннатов ул, 5",жилое,7/21/2021,8/3/2021